date,lat,lon,alt,value
1991-06-03,53.33,9.9,10,  
1991-06-10,53.33,9.9,10,358.95
1991-06-10,53.33,9.9,10,358.97
1991-06-17,53.33,9.9,10,  
1991-06-17,53.33,9.9,10,  
1991-06-20,53.33,9.9,10,353.34
1991-06-20,53.33,9.9,10,353.43
1991-06-25,53.33,9.9,10,355.67
1991-06-25,53.33,9.9,10,355.64
1991-07-01,53.33,9.9,10,355.31
1991-07-09,53.33,9.9,10,353.09
1991-07-09,53.33,9.9,10,353.05
1991-07-15,53.33,9.9,10,349.44
1991-07-15,53.33,9.9,10,349.38
1991-07-23,53.33,9.9,10,350.48
1991-07-31,53.33,9.9,10,  
1991-07-31,53.33,9.9,10,  
1991-08-05,53.33,9.9,10,348.78
1991-08-05,53.33,9.9,10,348.79
1991-08-12,53.33,9.9,10,348.18
1991-08-12,53.33,9.9,10,348.17
1991-08-18,53.33,9.9,10,347.25
1991-08-18,53.33,9.9,10,347.18
1991-08-29,53.33,9.9,10,  
1991-08-29,53.33,9.9,10,  
1991-09-02,53.33,9.9,10,349.74
1991-09-02,53.33,9.9,10,349.73
1991-09-11,53.33,9.9,10,349.85
1991-09-16,53.33,9.9,10,348.27
1991-09-16,53.33,9.9,10,348.27
1991-09-23,53.33,9.9,10,352.02
1991-09-23,53.33,9.9,10,351.97
1991-10-01,53.33,9.9,10,350.64
1991-10-01,53.33,9.9,10,350.62
1991-10-07,53.33,9.9,10,351.08
1991-10-07,53.33,9.9,10,351.07
1991-10-14,53.33,9.9,10,352.75
1991-10-14,53.33,9.9,10,352.72
1991-10-21,53.33,9.9,10,353.52
1991-10-30,53.33,9.9,10,355.3
1991-10-30,53.33,9.9,10,355.2
1991-11-05,53.33,9.9,10,355.65
1991-11-05,53.33,9.9,10,355.62
1991-11-12,53.33,9.9,10,356.89
1991-11-12,53.33,9.9,10,356.73
1991-11-21,53.33,9.9,10,358.71
1991-11-21,53.33,9.9,10,358.55
1991-11-27,53.33,9.9,10,356.82
1991-11-27,53.33,9.9,10,356.82
1991-12-05,53.33,9.9,10,  
1991-12-05,53.33,9.9,10,  
1991-12-14,53.33,9.9,10,  
1991-12-14,53.33,9.9,10,  
1991-12-17,53.33,9.9,10,359.95
1991-12-17,53.33,9.9,10,359.86
1991-12-23,53.33,9.9,10,358.58
1991-12-23,53.33,9.9,10,358.45
1991-12-31,53.33,9.9,10,359.08
1991-12-31,53.33,9.9,10,358.98
1992-01-06,53.33,9.9,10,358.12
1992-01-06,53.33,9.9,10,357.91
1992-01-15,53.33,9.9,10,  
1992-01-24,53.33,9.9,10,363.25
1992-01-24,53.33,9.9,10,363.24
1992-01-31,53.33,9.9,10,  
1992-01-31,53.33,9.9,10,  
1992-02-03,53.33,9.9,10,358.95
1992-02-03,53.33,9.9,10,358.93
1992-02-10,53.33,9.9,10,359.49
1992-02-10,53.33,9.9,10,359.45
1992-02-18,53.33,9.9,10,360.11
1992-02-18,53.33,9.9,10,360.26
1992-02-26,53.33,9.9,10,360.65
1992-02-26,53.33,9.9,10,360.62
1992-03-05,53.33,9.9,10,359.65
1992-03-05,53.33,9.9,10,359.62
1992-03-09,53.33,9.9,10,360.32
1992-03-09,53.33,9.9,10,360.3
1992-03-16,53.33,9.9,10,358.86
1992-03-16,53.33,9.9,10,358.84
1992-03-25,53.33,9.9,10,359.07
1992-03-25,53.33,9.9,10,359.07
1992-04-02,53.33,9.9,10,361.91
1992-04-02,53.33,9.9,10,361.91
1992-04-09,53.33,9.9,10,362.69
1992-04-13,53.33,9.9,10,362.56
1992-04-23,53.33,9.9,10,361.11
1992-04-23,53.33,9.9,10,361.07
1992-04-29,53.33,9.9,10,362.17
1992-05-03,53.33,9.9,10,359.91
1992-05-03,53.33,9.9,10,360.15
1992-05-11,53.33,9.9,10,360.92
1992-05-11,53.33,9.9,10,360.9
1992-05-20,53.33,9.9,10,359.83
1992-05-20,53.33,9.9,10,359.86
1992-06-03,53.33,9.9,10,359.19
1992-06-03,53.33,9.9,10,359.18
1992-06-10,53.33,9.9,10,359.84
1992-06-10,53.33,9.9,10,359.88
1992-06-14,53.33,9.9,10,357.9
1992-06-22,53.33,9.9,10,355.13
1992-06-22,53.33,9.9,10,355.11
1992-07-01,53.33,9.9,10,359.04
1992-07-01,53.33,9.9,10,358.86
1992-07-06,53.33,9.9,10,357.37
1992-07-06,53.33,9.9,10,357.63
1992-07-15,53.33,9.9,10,354.58
1992-07-15,53.33,9.9,10,354.52
1992-07-20,53.33,9.9,10,352.71
1992-07-20,53.33,9.9,10,352.7
1992-07-26,53.33,9.9,10,349
1992-07-26,53.33,9.9,10,348.93
1992-08-03,53.33,9.9,10,  
1992-08-03,53.33,9.9,10,  
1992-08-10,53.33,9.9,10,346.36
1992-08-10,53.33,9.9,10,346.37
1992-08-18,53.33,9.9,10,345.83
1992-08-18,53.33,9.9,10,345.84
1992-08-24,53.33,9.9,10,346.72
1992-08-24,53.33,9.9,10,346.69
1992-08-31,53.33,9.9,10,346.24
1992-08-31,53.33,9.9,10,346.09
1992-09-07,53.33,9.9,10,346.79
1992-09-07,53.33,9.9,10,346.68
1992-09-14,53.33,9.9,10,346.01
1992-09-14,53.33,9.9,10,346.07
1992-09-22,53.33,9.9,10,346.62
1992-09-22,53.33,9.9,10,346.6
1992-09-29,53.33,9.9,10,349.02
1992-09-29,53.33,9.9,10,349.02
1992-10-09,53.33,9.9,10,351.58
1992-10-09,53.33,9.9,10,351.65
1992-10-14,53.33,9.9,10,352.92
1992-10-14,53.33,9.9,10,352.88
1992-10-22,53.33,9.9,10,354.1
1992-10-22,53.33,9.9,10,354.1
1992-10-26,53.33,9.9,10,356.58
1992-10-26,53.33,9.9,10,356.59
1992-11-02,53.33,9.9,10,356.39
1992-11-02,53.33,9.9,10,356.35
1992-11-09,53.33,9.9,10,356.81
1992-11-09,53.33,9.9,10,356.77
1992-11-16,53.33,9.9,10,359.17
1992-11-16,53.33,9.9,10,359.15
1992-11-23,53.33,9.9,10,356.55
1992-11-23,53.33,9.9,10,356.52
1992-11-30,53.33,9.9,10,357.73
1992-11-30,53.33,9.9,10,357.69
1992-12-08,53.33,9.9,10,359.25
1992-12-08,53.33,9.9,10,359.18
1992-12-14,53.33,9.9,10,355.68
1992-12-14,53.33,9.9,10,355.62
1992-12-22,53.33,9.9,10,358.9
1992-12-22,53.33,9.9,10,358.83
1992-12-31,53.33,9.9,10,359.34
1992-12-31,53.33,9.9,10,359.32
1993-01-04,53.33,9.9,10,359.98
1993-01-04,53.33,9.9,10,359.96
1993-01-11,53.33,9.9,10,360.18
1993-01-11,53.33,9.9,10,360.18
1993-01-20,53.33,9.9,10,  
1993-01-20,53.33,9.9,10,  
1993-01-26,53.33,9.9,10,357.31
1993-01-26,53.33,9.9,10,357.27
1993-02-03,53.33,9.9,10,360.41
1993-02-03,53.33,9.9,10,360.39
1993-02-13,53.33,9.9,10,360.78
1993-02-13,53.33,9.9,10,360.67
1993-02-17,53.33,9.9,10,359.83
1993-02-17,53.33,9.9,10,359.77
1993-02-22,53.33,9.9,10,359.11
1993-02-22,53.33,9.9,10,359.17
1993-03-03,53.33,9.9,10,361.04
1993-03-11,53.33,9.9,10,360.87
1993-03-11,53.33,9.9,10,360.92
1993-03-11,53.33,9.9,10,  
1993-03-16,53.33,9.9,10,360.82
1993-03-22,53.33,9.9,10,363.76
1993-03-22,53.33,9.9,10,361.81
1993-03-22,53.33,9.9,10,361.79
1993-03-26,53.33,9.9,10,361.01
1993-03-26,53.33,9.9,10,361.08
1993-03-30,53.33,9.9,10,362.38
1993-03-30,53.33,9.9,10,362.11
1993-04-05,53.33,9.9,10,361.1
1993-04-05,53.33,9.9,10,361.1
1993-04-10,53.33,9.9,10,364.13
1993-04-15,53.33,9.9,10,363.8
1993-04-15,53.33,9.9,10,363.82
1993-04-20,53.33,9.9,10,362.38
1993-04-20,53.33,9.9,10,362.36
1993-04-27,53.33,9.9,10,361.39
1993-04-27,53.33,9.9,10,361.21
1993-05-03,53.33,9.9,10,363.09
1993-05-03,53.33,9.9,10,363.06
1993-05-06,53.33,9.9,10,  
1993-05-06,53.33,9.9,10,  
1993-05-18,53.33,9.9,10,362.04
1993-05-18,53.33,9.9,10,362.02
1993-05-21,53.33,9.9,10,  
1993-05-21,53.33,9.9,10,  
1993-05-28,53.33,9.9,10,359.17
1993-05-28,53.33,9.9,10,359.35
1993-06-02,53.33,9.9,10,359.7
1993-06-02,53.33,9.9,10,359.65
1993-06-08,53.33,9.9,10,  
1993-06-08,53.33,9.9,10,  
1993-06-15,53.33,9.9,10,356.81
1993-06-15,53.33,9.9,10,356.82
1993-06-18,53.33,9.9,10,357.62
1993-06-18,53.33,9.9,10,357.58
1993-06-28,53.33,9.9,10,358.01
1993-06-28,53.33,9.9,10,357.93
1993-07-08,53.33,9.9,10,355.28
1993-07-08,53.33,9.9,10,355.27
1993-07-15,53.33,9.9,10,351.79
1993-07-15,53.33,9.9,10,351.78
1993-07-21,53.33,9.9,10,353.36
1993-07-21,53.33,9.9,10,353.34
1993-07-27,53.33,9.9,10,351.24
1993-07-27,53.33,9.9,10,351.2
1993-08-03,53.33,9.9,10,349.53
1993-08-03,53.33,9.9,10,349.67
1993-08-12,53.33,9.9,10,349.58
1993-08-12,53.33,9.9,10,349.56
1993-08-16,53.33,9.9,10,348.83
1993-08-16,53.33,9.9,10,348.79
1993-08-17,53.33,9.9,10,  
1993-08-17,53.33,9.9,10,  
1993-08-24,53.33,9.9,10,346.29
1993-08-24,53.33,9.9,10,346.3
1993-08-30,53.33,9.9,10,  
1993-08-30,53.33,9.9,10,  
1993-09-04,53.33,9.9,10,  
1993-09-04,53.33,9.9,10,  
1993-09-10,53.33,9.9,10,350.23
1993-09-10,53.33,9.9,10,350.17
1993-09-16,53.33,9.9,10,349.37
1993-09-16,53.33,9.9,10,349.38
1993-09-21,53.33,9.9,10,350.37
1993-09-21,53.33,9.9,10,350.26
1993-09-27,53.33,9.9,10,350.86
1993-09-27,53.33,9.9,10,350.81
1993-10-06,53.33,9.9,10,350.83
1993-10-06,53.33,9.9,10,350.75
1993-10-15,53.33,9.9,10,353.43
1993-10-15,53.33,9.9,10,353.44
1993-10-19,53.33,9.9,10,355.57
1993-10-19,53.33,9.9,10,355.55
1993-10-27,53.33,9.9,10,  
1993-10-27,53.33,9.9,10,  
1993-11-01,53.33,9.9,10,  
1993-11-01,53.33,9.9,10,  
1993-11-08,53.33,9.9,10,356.71
1993-11-08,53.33,9.9,10,356.65
1993-11-20,53.33,9.9,10,  
1993-11-20,53.33,9.9,10,  
1993-11-29,53.33,9.9,10,357.25
1993-11-29,53.33,9.9,10,357.18
1993-12-06,53.33,9.9,10,357.74
1993-12-06,53.33,9.9,10,357.76
1993-12-14,53.33,9.9,10,358.82
1993-12-14,53.33,9.9,10,358.72
1993-12-21,53.33,9.9,10,359.78
1993-12-21,53.33,9.9,10,359.75
1993-12-28,53.33,9.9,10,360.51
1993-12-28,53.33,9.9,10,360.44
1994-01-03,53.33,9.9,10,360.67
1994-01-03,53.33,9.9,10,360.66
1994-01-10,53.33,9.9,10,361.29
1994-01-10,53.33,9.9,10,361.27
1994-01-17,53.33,9.9,10,360.72
1994-01-17,53.33,9.9,10,360.72
1994-01-24,53.33,9.9,10,359.84
1994-01-24,53.33,9.9,10,359.82
1994-01-31,53.33,9.9,10,359.4
1994-01-31,53.33,9.9,10,359.3
1994-02-03,53.33,9.9,10,  
1994-02-03,53.33,9.9,10,  
1994-02-08,53.33,9.9,10,361.52
1994-02-08,53.33,9.9,10,361.46
1994-02-15,53.33,9.9,10,  
1994-02-15,53.33,9.9,10,  
1994-02-23,53.33,9.9,10,  
1994-02-23,53.33,9.9,10,  
1994-03-02,53.33,9.9,10,362.61
1994-03-02,53.33,9.9,10,362.59
1994-03-07,53.33,9.9,10,361.51
1994-03-07,53.33,9.9,10,361.46
1994-03-16,53.33,9.9,10,364.96
1994-03-16,53.33,9.9,10,364.94
1994-03-20,53.33,9.9,10,  
1994-03-20,53.33,9.9,10,  
1994-03-23,53.33,9.9,10,362.14
1994-03-23,53.33,9.9,10,362.11
1994-03-28,53.33,9.9,10,362.77
1994-03-28,53.33,9.9,10,362.79
1994-04-04,53.33,9.9,10,363.76
1994-04-04,53.33,9.9,10,363.76
1994-04-13,53.33,9.9,10,364.23
1994-04-13,53.33,9.9,10,364.24
1994-04-19,53.33,9.9,10,362.92
1994-04-19,53.33,9.9,10,362.92
1994-04-25,53.33,9.9,10,363.78
1994-04-25,53.33,9.9,10,363.7
1994-05-03,53.33,9.9,10,363
1994-05-03,53.33,9.9,10,362.98
1994-05-12,53.33,9.9,10,  
1994-05-12,53.33,9.9,10,  
1994-05-18,53.33,9.9,10,363.98
1994-05-18,53.33,9.9,10,363.52
1994-05-25,53.33,9.9,10,360.25
1994-05-25,53.33,9.9,10,360.05
1994-05-31,53.33,9.9,10,361.7
1994-05-31,53.33,9.9,10,361.34
1994-06-06,53.33,9.9,10,360.69
1994-06-06,53.33,9.9,10,360.63
1994-06-15,53.33,9.9,10,359.71
1994-06-15,53.33,9.9,10,359.49
1994-06-15,53.33,9.9,10,359.35
1994-06-20,53.33,9.9,10,  
1994-06-20,53.33,9.9,10,  
1994-06-29,53.33,9.9,10,358.36
1994-06-29,53.33,9.9,10,358.32
1994-07-05,53.33,9.9,10,356.54
1994-07-05,53.33,9.9,10,356.17
1994-07-11,53.33,9.9,10,355.79
1994-07-11,53.33,9.9,10,355.94
1994-07-19,53.33,9.9,10,353.48
1994-07-19,53.33,9.9,10,353.4
1994-07-27,53.33,9.9,10,353.16
1994-07-27,53.33,9.9,10,353.18
1994-08-02,53.33,9.9,10,  
1994-08-02,53.33,9.9,10,  
1994-08-08,53.33,9.9,10,  
1994-08-08,53.33,9.9,10,  
1994-08-17,53.33,9.9,10,349.77
1994-08-17,53.33,9.9,10,349.82
1994-08-23,53.33,9.9,10,349.15
1994-08-23,53.33,9.9,10,349.12
1994-08-29,53.33,9.9,10,349.65
1994-08-29,53.33,9.9,10,349.54
1994-09-05,53.33,9.9,10,349.82
1994-09-05,53.33,9.9,10,349.71
1994-09-11,53.33,9.9,10,351.42
1994-09-11,53.33,9.9,10,351.44
1994-09-19,53.33,9.9,10,351.54
1994-09-19,53.33,9.9,10,351.46
1994-10-06,53.33,9.9,10,354.02
1994-10-06,53.33,9.9,10,353.81
1994-10-14,53.33,9.9,10,  
1994-10-14,53.33,9.9,10,  
1994-11-01,53.33,9.9,10,  
1994-11-01,53.33,9.9,10,  
1994-11-11,53.33,9.9,10,  
1994-11-11,53.33,9.9,10,  
1994-11-15,53.33,9.9,10,360.27
1994-11-15,53.33,9.9,10,360.19
1994-11-22,53.33,9.9,10,359.19
1994-11-22,53.33,9.9,10,359
1994-12-03,53.33,9.9,10,361.43
1994-12-03,53.33,9.9,10,361.56
1994-12-07,53.33,9.9,10,361.24
1994-12-07,53.33,9.9,10,361.18
1994-12-12,53.33,9.9,10,  
1994-12-12,53.33,9.9,10,  
1994-12-14,53.33,9.9,10,363.08
1994-12-20,53.33,9.9,10,361.27
1994-12-20,53.33,9.9,10,361.13
1994-12-21,53.33,9.9,10,364.03
1994-12-21,53.33,9.9,10,363.85
1994-12-26,53.33,9.9,10,362.5
1994-12-26,53.33,9.9,10,362.48
1995-01-04,53.33,9.9,10,363.28
1995-01-04,53.33,9.9,10,363.29
1995-01-09,53.33,9.9,10,362.14
1995-01-09,53.33,9.9,10,362.06
1995-01-16,53.33,9.9,10,362.72
1995-01-16,53.33,9.9,10,362.72
1995-01-23,53.33,9.9,10,364.73
1995-01-23,53.33,9.9,10,364.85
1995-01-25,53.33,9.9,10,366.58
1995-01-25,53.33,9.9,10,366.59
1995-01-30,53.33,9.9,10,  
1995-01-30,53.33,9.9,10,  
1995-02-01,53.33,9.9,10,  
1995-02-01,53.33,9.9,10,  
1995-02-06,53.33,9.9,10,361.89
1995-02-06,53.33,9.9,10,361.78
1995-02-09,53.33,9.9,10,363.99
1995-02-09,53.33,9.9,10,363.91
1995-02-13,53.33,9.9,10,366.26
1995-02-13,53.33,9.9,10,366.07
1995-02-20,53.33,9.9,10,363.97
1995-02-20,53.33,9.9,10,363.9
1995-02-27,53.33,9.9,10,363.29
1995-02-27,53.33,9.9,10,363.2
1995-03-07,53.33,9.9,10,365.14
1995-03-07,53.33,9.9,10,364.84
1995-03-13,53.33,9.9,10,363.33
1995-03-13,53.33,9.9,10,363.13
1995-03-24,53.33,9.9,10,365.1
1995-03-24,53.33,9.9,10,365.18
1995-03-27,53.33,9.9,10,365.38
1995-03-27,53.33,9.9,10,365.29
1995-03-29,53.33,9.9,10,  
1995-03-29,53.33,9.9,10,  
1995-04-05,53.33,9.9,10,363.23
1995-04-05,53.33,9.9,10,363.36
1995-04-11,53.33,9.9,10,365.92
1995-04-11,53.33,9.9,10,366.07
1995-04-17,53.33,9.9,10,364.67
1995-04-17,53.33,9.9,10,364.55
1995-04-24,53.33,9.9,10,368.35
1995-04-24,53.33,9.9,10,368.23
1995-05-02,53.33,9.9,10,  
1995-05-02,53.33,9.9,10,  
1995-05-07,53.33,9.9,10,364.35
1995-05-07,53.33,9.9,10,364.42
1995-05-18,53.33,9.9,10,364.48
1995-05-18,53.33,9.9,10,364.23
1995-05-26,53.33,9.9,10,361.62
1995-05-26,53.33,9.9,10,361.75
1995-05-30,53.33,9.9,10,362.14
1995-05-30,53.33,9.9,10,362
1995-06-05,53.33,9.9,10,362.79
1995-06-05,53.33,9.9,10,362.79
1995-06-13,53.33,9.9,10,360.39
1995-06-13,53.33,9.9,10,360.38
1995-06-19,53.33,9.9,10,361.06
1995-06-19,53.33,9.9,10,361.02
1995-06-26,53.33,9.9,10,357.11
1995-06-26,53.33,9.9,10,357.21
1995-07-04,53.33,9.9,10,359.98
1995-07-04,53.33,9.9,10,359.95
1995-07-07,53.33,9.9,10,  
1995-07-07,53.33,9.9,10,  
1995-07-17,53.33,9.9,10,356.72
1995-07-17,53.33,9.9,10,356.64
1995-07-24,53.33,9.9,10,355.92
1995-07-24,53.33,9.9,10,355.89
1995-07-25,53.33,9.9,10,  
1995-07-25,53.33,9.9,10,  
1995-08-02,53.33,9.9,10,355.84
1995-08-02,53.33,9.9,10,355.87
1995-08-11,53.33,9.9,10,353.78
1995-08-11,53.33,9.9,10,353.73
1995-08-13,53.33,9.9,10,352.62
1995-08-13,53.33,9.9,10,352.57
1995-08-23,53.33,9.9,10,350.86
1995-08-23,53.33,9.9,10,350.84
1995-08-31,53.33,9.9,10,355.1
1995-08-31,53.33,9.9,10,355.1
1995-09-07,53.33,9.9,10,  
1995-09-07,53.33,9.9,10,  
1995-09-15,53.33,9.9,10,357.01
1995-09-15,53.33,9.9,10,356.94
1995-09-21,53.33,9.9,10,354.3
1995-09-21,53.33,9.9,10,354.35
1995-09-25,53.33,9.9,10,356.44
1995-09-25,53.33,9.9,10,356.44
1995-10-02,53.33,9.9,10,356.35
1995-10-02,53.33,9.9,10,356.24
1995-10-09,53.33,9.9,10,356.41
1995-10-09,53.33,9.9,10,356.15
1995-10-18,53.33,9.9,10,357.94
1995-10-18,53.33,9.9,10,357.93
1995-10-25,53.33,9.9,10,359.15
1995-10-25,53.33,9.9,10,359.04
1995-11-03,53.33,9.9,10,  
1995-11-03,53.33,9.9,10,  
1995-11-07,53.33,9.9,10,360.11
1995-11-07,53.33,9.9,10,360.05
1995-11-14,53.33,9.9,10,  
1995-11-14,53.33,9.9,10,  
1995-11-21,53.33,9.9,10,362.8
1995-11-21,53.33,9.9,10,362.69
1995-11-29,53.33,9.9,10,364.24
1995-11-29,53.33,9.9,10,364.11
1995-12-07,53.33,9.9,10,  
1995-12-14,53.33,9.9,10,365.58
1995-12-14,53.33,9.9,10,365.56
1995-12-18,53.33,9.9,10,  
1995-12-18,53.33,9.9,10,  
1995-12-31,53.33,9.9,10,  
1995-12-31,53.33,9.9,10,  
1996-01-05,53.33,9.9,10,364.32
1996-01-05,53.33,9.9,10,364.27
1996-01-09,53.33,9.9,10,364.55
1996-01-09,53.33,9.9,10,364.59
1996-01-19,53.33,9.9,10,366.07
1996-01-19,53.33,9.9,10,365.89
1996-01-23,53.33,9.9,10,  
1996-01-23,53.33,9.9,10,  
1996-01-29,53.33,9.9,10,367.72
1996-01-29,53.33,9.9,10,367.66
1996-02-06,53.33,9.9,10,365.78
1996-02-06,53.33,9.9,10,365.8
1996-02-16,53.33,9.9,10,  
1996-02-16,53.33,9.9,10,  
1996-02-21,53.33,9.9,10,366.28
1996-02-21,53.33,9.9,10,366.3
1996-02-25,53.33,9.9,10,369.63
1996-02-25,53.33,9.9,10,369.64
1996-02-28,53.33,9.9,10,365.79
1996-02-28,53.33,9.9,10,365.76
1996-03-07,53.33,9.9,10,369.86
1996-03-07,53.33,9.9,10,369.8
1996-03-15,53.33,9.9,10,  
1996-03-15,53.33,9.9,10,  
1996-03-22,53.33,9.9,10,  
1996-03-22,53.33,9.9,10,  
1996-03-28,53.33,9.9,10,368.74
1996-03-28,53.33,9.9,10,368.61
1996-04-04,53.33,9.9,10,370.73
1996-04-04,53.33,9.9,10,370.67
1996-04-08,53.33,9.9,10,366.51
1996-04-08,53.33,9.9,10,366.41
1996-04-16,53.33,9.9,10,366.08
1996-04-16,53.33,9.9,10,366.01
1996-04-22,53.33,9.9,10,367.76
1996-04-22,53.33,9.9,10,367.73
1996-04-29,53.33,9.9,10,366.93
1996-04-29,53.33,9.9,10,366.85
1996-05-09,53.33,9.9,10,366.89
1996-05-09,53.33,9.9,10,367.02
1996-05-17,53.33,9.9,10,367.09
1996-05-17,53.33,9.9,10,367.04
1996-05-21,53.33,9.9,10,367.55
1996-05-21,53.33,9.9,10,367.51
1996-05-28,53.33,9.9,10,365.15
1996-05-28,53.33,9.9,10,365.13
1996-06-04,53.33,9.9,10,365.72
1996-06-04,53.33,9.9,10,365.51
1996-06-10,53.33,9.9,10,365.92
1996-06-10,53.33,9.9,10,365.94
1996-06-18,53.33,9.9,10,364.82
1996-06-24,53.33,9.9,10,364.6
1996-06-24,53.33,9.9,10,364.64
1996-07-07,53.33,9.9,10,360.79
1996-07-07,53.33,9.9,10,360.67
1996-07-10,53.33,9.9,10,362.33
1996-07-10,53.33,9.9,10,362.33
1996-07-19,53.33,9.9,10,358.62
1996-07-24,53.33,9.9,10,357.32
1996-08-01,53.33,9.9,10,356.12
1996-08-01,53.33,9.9,10,356.09
1996-08-07,53.33,9.9,10,355.45
1996-08-07,53.33,9.9,10,355.46
1996-08-13,53.33,9.9,10,357.13
1996-08-13,53.33,9.9,10,357.14
1996-08-19,53.33,9.9,10,  
1996-08-19,53.33,9.9,10,  
1996-09-08,53.33,9.9,10,352.49
1996-09-08,53.33,9.9,10,352.65
1996-09-13,53.33,9.9,10,356.59
1996-09-13,53.33,9.9,10,356.63
1996-09-18,53.33,9.9,10,  
1996-09-18,53.33,9.9,10,  
1996-09-23,53.33,9.9,10,355.26
1996-09-23,53.33,9.9,10,355.24
1996-09-30,53.33,9.9,10,356.37
1996-09-30,53.33,9.9,10,356.21
1996-10-07,53.33,9.9,10,358.28
1996-10-07,53.33,9.9,10,358.17
1996-10-16,53.33,9.9,10,359.78
1996-10-16,53.33,9.9,10,359.77
1996-10-21,53.33,9.9,10,360.4
1996-10-21,53.33,9.9,10,360.3
1996-10-30,53.33,9.9,10,361.18
1996-10-30,53.33,9.9,10,361.15
1996-11-03,53.33,9.9,10,363.62
1996-11-03,53.33,9.9,10,363.55
1996-11-08,53.33,9.9,10,361.26
1996-11-08,53.33,9.9,10,361.29
1996-11-28,53.33,9.9,10,364.65
1996-11-28,53.33,9.9,10,364.7
1996-12-06,53.33,9.9,10,366.71
1996-12-06,53.33,9.9,10,366.66
1996-12-10,53.33,9.9,10,  
1996-12-10,53.33,9.9,10,  
1996-12-17,53.33,9.9,10,  
1996-12-17,53.33,9.9,10,  
1996-12-23,53.33,9.9,10,  
1996-12-23,53.33,9.9,10,  
1996-12-31,53.33,9.9,10,369.95
1996-12-31,53.33,9.9,10,369.92
1997-01-06,53.33,9.9,10,368.2
1997-01-06,53.33,9.9,10,368.14
1997-01-13,53.33,9.9,10,365.47
1997-01-13,53.33,9.9,10,365.47
1997-01-24,53.33,9.9,10,366.37
1997-01-24,53.33,9.9,10,366.42
1997-01-30,53.33,9.9,10,  
1997-01-30,53.33,9.9,10,  
1997-02-03,53.33,9.9,10,  
1997-02-03,53.33,9.9,10,  
1997-02-10,53.33,9.9,10,367.6
1997-02-10,53.33,9.9,10,367.55
1997-02-17,53.33,9.9,10,365.96
1997-02-17,53.33,9.9,10,365.98
1997-02-25,53.33,9.9,10,367.53
1997-02-25,53.33,9.9,10,367.5
1997-03-07,53.33,9.9,10,367.34
1997-03-07,53.33,9.9,10,367.33
1997-03-16,53.33,9.9,10,366.59
1997-03-16,53.33,9.9,10,366.59
1997-03-18,53.33,9.9,10,368.45
1997-03-18,53.33,9.9,10,368.2
1997-03-26,53.33,9.9,10,368.25
1997-03-26,53.33,9.9,10,368.26
1997-04-03,53.33,9.9,10,367.54
1997-04-03,53.33,9.9,10,367.48
1997-04-12,53.33,9.9,10,370.43
1997-04-12,53.33,9.9,10,370.35
1997-04-19,53.33,9.9,10,367.68
1997-04-19,53.33,9.9,10,367.62
1997-04-23,53.33,9.9,10,366.87
1997-04-23,53.33,9.9,10,366.86
1997-04-29,53.33,9.9,10,  
1997-04-29,53.33,9.9,10,  
1997-05-04,53.33,9.9,10,367.62
1997-05-04,53.33,9.9,10,367.22
1997-05-09,53.33,9.9,10,368.59
1997-05-09,53.33,9.9,10,368.6
1997-05-14,53.33,9.9,10,368.21
1997-05-14,53.33,9.9,10,368.18
1997-05-14,53.33,9.9,10,368.27
1997-05-17,53.33,9.9,10,  
1997-05-17,53.33,9.9,10,  
1997-05-17,53.33,9.9,10,  
1997-05-27,53.33,9.9,10,368.26
1997-05-27,53.33,9.9,10,368.12
1997-05-27,53.33,9.9,10,368.17
1997-06-15,53.33,9.9,10,366.07
1997-06-15,53.33,9.9,10,366.2
1997-06-15,53.33,9.9,10,366.14
1997-06-19,53.33,9.9,10,365.47
1997-06-19,53.33,9.9,10,365.22
1997-06-19,53.33,9.9,10,365.53
1997-06-26,53.33,9.9,10,362.34
1997-06-26,53.33,9.9,10,362.11
1997-06-26,53.33,9.9,10,362.43
1997-07-04,53.33,9.9,10,361.88
1997-07-04,53.33,9.9,10,361.59
1997-07-04,53.33,9.9,10,361.89
1997-07-07,53.33,9.9,10,362.89
1997-07-07,53.33,9.9,10,362.53
1997-07-07,53.33,9.9,10,362.9
1997-07-15,53.33,9.9,10,  
1997-07-15,53.33,9.9,10,  
1997-07-23,53.33,9.9,10,356.76
1997-07-23,53.33,9.9,10,356.71
1997-07-28,53.33,9.9,10,357.73
1997-07-28,53.33,9.9,10,357.62
1997-08-07,53.33,9.9,10,  
1997-08-07,53.33,9.9,10,  
1997-08-13,53.33,9.9,10,355.11
1997-08-13,53.33,9.9,10,355.09
1997-08-21,53.33,9.9,10,  
1997-08-21,53.33,9.9,10,  
1997-08-25,53.33,9.9,10,  
1997-08-25,53.33,9.9,10,  
1997-09-01,53.33,9.9,10,354
1997-09-01,53.33,9.9,10,353.96
1997-09-08,53.33,9.9,10,355.89
1997-09-08,53.33,9.9,10,356.2
1997-09-18,53.33,9.9,10,355.72
1997-09-18,53.33,9.9,10,355.52
1997-09-24,53.33,9.9,10,  
1997-09-24,53.33,9.9,10,  
1997-09-29,53.33,9.9,10,357.47
1997-09-29,53.33,9.9,10,357.82
1997-10-07,53.33,9.9,10,358.94
1997-10-07,53.33,9.9,10,359.22
1997-10-14,53.33,9.9,10,361.38
1997-10-14,53.33,9.9,10,361.53
1997-10-18,53.33,9.9,10,  
1997-10-18,53.33,9.9,10,  
1997-11-06,53.33,9.9,10,  
1997-11-06,53.33,9.9,10,  
1997-11-10,53.33,9.9,10,368.6
1997-11-10,53.33,9.9,10,369.1
1997-11-17,53.33,9.9,10,368.67
1997-11-17,53.33,9.9,10,368.53
1997-11-18,53.33,9.9,10,366.48
1997-11-18,53.33,9.9,10,  
1997-11-18,53.33,9.9,10,  
1997-11-25,53.33,9.9,10,  
1997-11-25,53.33,9.9,10,  
1997-12-05,53.33,9.9,10,370.43
1997-12-05,53.33,9.9,10,370.29
1997-12-08,53.33,9.9,10,  
1997-12-08,53.33,9.9,10,  
1997-12-16,53.33,9.9,10,370.72
1997-12-16,53.33,9.9,10,370.86
1997-12-22,53.33,9.9,10,  
1997-12-22,53.33,9.9,10,  
1998-01-02,53.33,9.9,10,368.05
1998-01-02,53.33,9.9,10,368.17
1998-01-06,53.33,9.9,10,  
1998-01-06,53.33,9.9,10,  
1998-01-14,53.33,9.9,10,373.6
1998-01-14,53.33,9.9,10,373.62
1998-01-21,53.33,9.9,10,  
1998-01-21,53.33,9.9,10,  
1998-01-30,53.33,9.9,10,  
1998-01-30,53.33,9.9,10,  
1998-02-05,53.33,9.9,10,368.26
1998-02-05,53.33,9.9,10,368.27
1998-02-12,53.33,9.9,10,  
1998-02-12,53.33,9.9,10,  
1998-02-16,53.33,9.9,10,369.32
1998-02-16,53.33,9.9,10,369.34
1998-02-23,53.33,9.9,10,368.92
1998-02-23,53.33,9.9,10,368.87
1998-03-02,53.33,9.9,10,368.75
1998-03-02,53.33,9.9,10,368.77
1998-03-10,53.33,9.9,10,  
1998-03-10,53.33,9.9,10,  
1998-03-16,53.33,9.9,10,  
1998-03-16,53.33,9.9,10,  
1998-03-25,53.33,9.9,10,368.4
1998-03-25,53.33,9.9,10,368.35
1998-03-29,53.33,9.9,10,  
1998-03-29,53.33,9.9,10,  
1998-04-03,53.33,9.9,10,  
1998-04-03,53.33,9.9,10,  
1998-04-08,53.33,9.9,10,370.14
1998-04-08,53.33,9.9,10,370.16
1998-04-13,53.33,9.9,10,371.36
1998-04-13,53.33,9.9,10,371.33
1998-04-19,53.33,9.9,10,  
1998-04-27,53.33,9.9,10,370.7
1998-04-27,53.33,9.9,10,370.73
1998-05-05,53.33,9.9,10,370.31
1998-05-05,53.33,9.9,10,370.23
1998-05-11,53.33,9.9,10,371.91
1998-05-11,53.33,9.9,10,372.03
1998-05-22,53.33,9.9,10,  
1998-05-22,53.33,9.9,10,  
1998-05-27,53.33,9.9,10,367.81
1998-05-27,53.33,9.9,10,367.83
1998-06-03,53.33,9.9,10,367.93
1998-06-03,53.33,9.9,10,367.93
1998-06-08,53.33,9.9,10,366.49
1998-06-08,53.33,9.9,10,366.49
1998-06-18,53.33,9.9,10,367.23
1998-06-18,53.33,9.9,10,367.2
1998-06-22,53.33,9.9,10,366.1
1998-06-22,53.33,9.9,10,365.94
1998-06-29,53.33,9.9,10,365.55
1998-06-29,53.33,9.9,10,365.47
1998-07-07,53.33,9.9,10,363.45
1998-07-07,53.33,9.9,10,363.42
1998-07-13,53.33,9.9,10,362.87
1998-07-13,53.33,9.9,10,362.85
1998-07-20,53.33,9.9,10,359.93
1998-07-20,53.33,9.9,10,359.96
1998-07-27,53.33,9.9,10,360.14
1998-07-27,53.33,9.9,10,360.18
1998-08-04,53.33,9.9,10,357.26
1998-08-04,53.33,9.9,10,357.22
1998-08-11,53.33,9.9,10,358.64
1998-08-11,53.33,9.9,10,358.61
1998-08-14,53.33,9.9,10,357.72
1998-08-14,53.33,9.9,10,357.62
1998-08-25,53.33,9.9,10,358.13
1998-08-25,53.33,9.9,10,358.14
1998-09-01,53.33,9.9,10,358.07
1998-09-01,53.33,9.9,10,358.12
1998-09-08,53.33,9.9,10,359.23
1998-09-08,53.33,9.9,10,359.2
1998-09-15,53.33,9.9,10,359.75
1998-09-15,53.33,9.9,10,359.68
1998-09-21,53.33,9.9,10,  
1998-09-21,53.33,9.9,10,  
1998-10-09,53.33,9.9,10,363.6
1998-10-09,53.33,9.9,10,363.55
1998-10-12,53.33,9.9,10,364.93
1998-10-12,53.33,9.9,10,364.87
1998-10-18,53.33,9.9,10,363.76
1998-10-18,53.33,9.9,10,363.78
1998-10-27,53.33,9.9,10,367.04
1998-10-27,53.33,9.9,10,367.04
1998-11-06,53.33,9.9,10,367.43
1998-11-09,53.33,9.9,10,367.02
1998-11-16,53.33,9.9,10,370.41
1998-11-24,53.33,9.9,10,368.67
1998-11-24,53.33,9.9,10,368.66
1998-11-30,53.33,9.9,10,368.31
1998-11-30,53.33,9.9,10,368.31
1998-12-08,53.33,9.9,10,369.72
1998-12-08,53.33,9.9,10,369.71
1998-12-21,53.33,9.9,10,369.81
1998-12-21,53.33,9.9,10,369.82
1999-01-01,53.33,9.9,10,371.36
1999-01-01,53.33,9.9,10,371.38
1999-01-04,53.33,9.9,10,371.24
1999-01-04,53.33,9.9,10,371.31
1999-01-12,53.33,9.9,10,371.03
1999-01-12,53.33,9.9,10,371.09
1999-01-18,53.33,9.9,10,370.32
1999-01-18,53.33,9.9,10,370.21
1999-01-25,53.33,9.9,10,370.78
1999-02-01,53.33,9.9,10,373.57
1999-02-01,53.33,9.9,10,373.57
1999-02-03,53.33,9.9,10,370.86
1999-02-03,53.33,9.9,10,370.91
1999-02-12,53.33,9.9,10,372.13
1999-02-12,53.33,9.9,10,372.08
1999-02-17,53.33,9.9,10,369.82
1999-02-17,53.33,9.9,10,369.88
1999-02-25,53.33,9.9,10,371.74
1999-02-25,53.33,9.9,10,371.72
1999-03-01,53.33,9.9,10,370.69
1999-03-01,53.33,9.9,10,370.58
1999-03-09,53.33,9.9,10,  
1999-03-09,53.33,9.9,10,  
1999-03-12,53.33,9.9,10,372.39
1999-03-12,53.33,9.9,10,372.47
1999-03-15,53.33,9.9,10,371.71
1999-03-15,53.33,9.9,10,371.91
1999-03-22,53.33,9.9,10,373.84
1999-03-22,53.33,9.9,10,373.87
1999-03-29,53.33,9.9,10,373.24
1999-03-29,53.33,9.9,10,373.05
1999-03-31,53.33,9.9,10,373.38
1999-03-31,53.33,9.9,10,373.37
1999-04-06,53.33,9.9,10,372.62
1999-04-06,53.33,9.9,10,372.61
1999-04-12,53.33,9.9,10,373.97
1999-04-12,53.33,9.9,10,373.98
1999-04-22,53.33,9.9,10,374.44
1999-04-22,53.33,9.9,10,374.39
1999-05-07,53.33,9.9,10,375.8
1999-05-07,53.33,9.9,10,375.7
1999-05-12,53.33,9.9,10,372.38
1999-05-12,53.33,9.9,10,372.36
1999-05-21,53.33,9.9,10,372.39
1999-05-21,53.33,9.9,10,372.37
1999-05-24,53.33,9.9,10,372.97
1999-05-24,53.33,9.9,10,373.04
1999-06-02,53.33,9.9,10,  
1999-06-02,53.33,9.9,10,  
1999-06-09,53.33,9.9,10,370.86
1999-06-09,53.33,9.9,10,370.92
1999-06-14,53.33,9.9,10,369.9
1999-06-14,53.33,9.9,10,369.91
1999-06-21,53.33,9.9,10,369.61
1999-06-21,53.33,9.9,10,369.59
1999-06-28,53.33,9.9,10,369.23
1999-06-28,53.33,9.9,10,369.28
1999-07-06,53.33,9.9,10,366.76
1999-07-06,53.33,9.9,10,366.84
1999-07-20,53.33,9.9,10,362.57
1999-07-20,53.33,9.9,10,362.58
1999-07-26,53.33,9.9,10,  
1999-07-26,53.33,9.9,10,  
1999-08-13,53.33,9.9,10,360.14
1999-08-13,53.33,9.9,10,360.11
1999-08-16,53.33,9.9,10,360.13
1999-08-16,53.33,9.9,10,360.14
1999-08-23,53.33,9.9,10,  
1999-08-23,53.33,9.9,10,  
1999-08-27,53.33,9.9,10,359.57
1999-08-27,53.33,9.9,10,359.55
1999-08-31,53.33,9.9,10,360.31
1999-08-31,53.33,9.9,10,360.39
1999-09-07,53.33,9.9,10,359.58
1999-09-07,53.33,9.9,10,359.53
1999-09-09,53.33,9.9,10,359.3
1999-09-09,53.33,9.9,10,359.25
1999-09-30,53.33,9.9,10,362.91
1999-09-30,53.33,9.9,10,362.87
1999-10-06,53.33,9.9,10,362.81
1999-10-06,53.33,9.9,10,362.85
1999-10-11,53.33,9.9,10,364.28
1999-10-11,53.33,9.9,10,364.33
1999-10-14,53.33,9.9,10,367.05
1999-10-14,53.33,9.9,10,366.98
1999-10-18,53.33,9.9,10,  
1999-10-18,53.33,9.9,10,  
1999-10-26,53.33,9.9,10,368.44
1999-11-01,53.33,9.9,10,368.08
1999-11-01,53.33,9.9,10,368.07
1999-11-12,53.33,9.9,10,372.21
1999-11-12,53.33,9.9,10,372.39
1999-11-17,53.33,9.9,10,368.09
1999-11-17,53.33,9.9,10,368.09
1999-11-22,53.33,9.9,10,371.69
1999-11-22,53.33,9.9,10,371.66
1999-11-29,53.33,9.9,10,370.19
1999-11-29,53.33,9.9,10,370.07
1999-12-06,53.33,9.9,10,369.65
1999-12-06,53.33,9.9,10,369.67
1999-12-13,53.33,9.9,10,371.39
1999-12-13,53.33,9.9,10,371.18
1999-12-20,53.33,9.9,10,374.55
1999-12-20,53.33,9.9,10,374.66
1999-12-30,53.33,9.9,10,371.18
1999-12-30,53.33,9.9,10,371.11
2000-01-04,53.33,9.9,10,372.26
2000-01-04,53.33,9.9,10,372.25
2000-01-10,53.33,9.9,10,371.66
2000-01-10,53.33,9.9,10,371.72
2000-01-19,53.33,9.9,10,373.54
2000-01-19,53.33,9.9,10,373.56
2000-01-27,53.33,9.9,10,  
2000-01-27,53.33,9.9,10,  
2000-02-01,53.33,9.9,10,373.02
2000-02-01,53.33,9.9,10,373.01
2000-02-07,53.33,9.9,10,372.36
2000-02-07,53.33,9.9,10,372.35
2000-02-15,53.33,9.9,10,372.66
2000-02-15,53.33,9.9,10,372.8
2000-02-23,53.33,9.9,10,373.51
2000-02-23,53.33,9.9,10,373.56
2000-02-29,53.33,9.9,10,373.2
2000-02-29,53.33,9.9,10,373.11
2000-03-06,53.33,9.9,10,371.31
2000-03-06,53.33,9.9,10,371.5
2000-03-13,53.33,9.9,10,372.07
2000-03-13,53.33,9.9,10,372.06
2000-03-22,53.33,9.9,10,375.88
2000-03-22,53.33,9.9,10,375.98
2000-03-24,53.33,9.9,10,374.34
2000-03-24,53.33,9.9,10,374.36
2000-04-06,53.33,9.9,10,373.38
2000-04-06,53.33,9.9,10,373.46
2000-04-10,53.33,9.9,10,375.23
2000-04-10,53.33,9.9,10,375.1
2000-04-20,53.33,9.9,10,373.75
2000-04-20,53.33,9.9,10,373.77
2000-04-27,53.33,9.9,10,  
2000-04-27,53.33,9.9,10,  
2000-05-03,53.33,9.9,10,375.84
2000-05-03,53.33,9.9,10,375.62
2000-05-11,53.33,9.9,10,  
2000-05-11,53.33,9.9,10,  
2000-05-15,53.33,9.9,10,374.26
2000-05-15,53.33,9.9,10,374.27
2000-05-23,53.33,9.9,10,373.9
2000-05-23,53.33,9.9,10,373.93
2000-06-01,53.33,9.9,10,371.48
2000-06-01,53.33,9.9,10,371.41
2000-06-06,53.33,9.9,10,372.55
2000-06-06,53.33,9.9,10,372.58
2000-06-12,53.33,9.9,10,371.42
2000-06-12,53.33,9.9,10,371.45
2000-06-20,53.33,9.9,10,370.61
2000-06-20,53.33,9.9,10,370.59
2000-07-04,53.33,9.9,10,371.7
2000-07-04,53.33,9.9,10,371.3
2000-07-14,53.33,9.9,10,366.88
2000-07-14,53.33,9.9,10,366.8
2000-07-21,53.33,9.9,10,364.42
2000-07-21,53.33,9.9,10,364.59
2000-07-26,53.33,9.9,10,364.2
2000-07-26,53.33,9.9,10,364.08
2000-08-01,53.33,9.9,10,363.2
2000-08-01,53.33,9.9,10,363.19
2000-08-08,53.33,9.9,10,362.34
2000-08-08,53.33,9.9,10,362.35
2000-08-14,53.33,9.9,10,361.78
2000-08-14,53.33,9.9,10,361.74
2000-08-22,53.33,9.9,10,360.68
2000-08-22,53.33,9.9,10,360.39
2000-08-31,53.33,9.9,10,360.07
2000-08-31,53.33,9.9,10,360.06
2000-09-09,53.33,9.9,10,  
2000-09-09,53.33,9.9,10,  
2000-09-14,53.33,9.9,10,361.16
2000-09-14,53.33,9.9,10,361.17
2000-09-18,53.33,9.9,10,362.12
2000-09-18,53.33,9.9,10,362.04
2000-10-02,53.33,9.9,10,363.73
2000-10-02,53.33,9.9,10,363.76
2000-10-10,53.33,9.9,10,366.11
2000-10-10,53.33,9.9,10,366.13
2000-10-16,53.33,9.9,10,367.04
2000-10-16,53.33,9.9,10,366.96
2000-10-23,53.33,9.9,10,368.24
2000-10-23,53.33,9.9,10,368.37
2000-11-01,53.33,9.9,10,370.2
2000-11-01,53.33,9.9,10,370.23
2000-11-09,53.33,9.9,10,370.05
2000-11-09,53.33,9.9,10,370.07
2000-11-17,53.33,9.9,10,371
2000-11-17,53.33,9.9,10,370.99
2000-11-21,53.33,9.9,10,  
2000-11-21,53.33,9.9,10,  
2000-11-22,53.33,9.9,10,372.21
2000-11-22,53.33,9.9,10,372.27
2000-12-01,53.33,9.9,10,372.87
2000-12-01,53.33,9.9,10,372.88
2000-12-04,53.33,9.9,10,373.33
2000-12-04,53.33,9.9,10,373.31
2000-12-12,53.33,9.9,10,376.56
2000-12-12,53.33,9.9,10,376.52
2000-12-19,53.33,9.9,10,372.54
2000-12-19,53.33,9.9,10,372.49
2001-01-03,53.33,9.9,10,373.98
2001-01-03,53.33,9.9,10,373.96
2001-01-08,53.33,9.9,10,373.19
2001-01-08,53.33,9.9,10,373.12
2001-01-11,53.33,9.9,10,  
2001-01-11,53.33,9.9,10,  
2001-01-17,53.33,9.9,10,  
2001-01-17,53.33,9.9,10,  
2001-01-24,53.33,9.9,10,373.69
2001-01-24,53.33,9.9,10,373.73
2001-01-30,53.33,9.9,10,374.9
2001-01-30,53.33,9.9,10,374.83
2001-02-06,53.33,9.9,10,375.93
2001-02-06,53.33,9.9,10,375.89
2001-02-12,53.33,9.9,10,375.03
2001-02-12,53.33,9.9,10,374.98
2001-02-20,53.33,9.9,10,375.61
2001-02-20,53.33,9.9,10,375.59
2001-03-08,53.33,9.9,10,375.74
2001-03-08,53.33,9.9,10,375.71
2001-03-20,53.33,9.9,10,379.43
2001-03-20,53.33,9.9,10,379.48
2001-03-28,53.33,9.9,10,378.41
2001-03-28,53.33,9.9,10,378.27
2001-04-02,53.33,9.9,10,375.63
2001-04-02,53.33,9.9,10,375.72
2001-04-09,53.33,9.9,10,375.39
2001-04-09,53.33,9.9,10,375.38
2001-04-17,53.33,9.9,10,374.57
2001-04-17,53.33,9.9,10,374.48
2001-04-27,53.33,9.9,10,376.09
2001-04-27,53.33,9.9,10,376
2001-05-01,53.33,9.9,10,376.13
2001-05-01,53.33,9.9,10,376.08
2001-05-16,53.33,9.9,10,375.59
2001-05-16,53.33,9.9,10,375.46
2001-05-24,53.33,9.9,10,  
2001-05-24,53.33,9.9,10,  
2001-05-28,53.33,9.9,10,373.43
2001-05-28,53.33,9.9,10,373.41
2001-06-05,53.33,9.9,10,373.94
2001-06-05,53.33,9.9,10,373.94
2001-06-19,53.33,9.9,10,372.19
2001-06-19,53.33,9.9,10,372.05
2001-06-29,53.33,9.9,10,368.52
2001-06-29,53.33,9.9,10,368.48
2001-07-02,53.33,9.9,10,369.3
2001-07-02,53.33,9.9,10,369.39
2001-07-10,53.33,9.9,10,368.17
2001-07-10,53.33,9.9,10,368.22
2001-07-23,53.33,9.9,10,365.16
2001-07-23,53.33,9.9,10,365.19
2001-07-30,53.33,9.9,10,365.26
2001-07-30,53.33,9.9,10,365.27
2001-08-07,53.33,9.9,10,362.74
2001-08-07,53.33,9.9,10,362.68
2001-08-15,53.33,9.9,10,361.63
2001-08-15,53.33,9.9,10,361.63
2001-08-20,53.33,9.9,10,360.73
2001-08-20,53.33,9.9,10,360.67
2001-08-29,53.33,9.9,10,361.49
2001-08-29,53.33,9.9,10,361.47
2001-09-03,53.33,9.9,10,360.84
2001-09-03,53.33,9.9,10,360.77
2001-09-12,53.33,9.9,10,362.69
2001-09-12,53.33,9.9,10,362.76
2001-10-01,53.33,9.9,10,365.86
2001-10-01,53.33,9.9,10,365.61
2001-10-09,53.33,9.9,10,367.33
2001-10-09,53.33,9.9,10,367.27
2001-10-15,53.33,9.9,10,367.64
2001-10-15,53.33,9.9,10,367.57
2001-10-17,53.33,9.9,10,370.98
2001-10-17,53.33,9.9,10,371.01
2001-10-22,53.33,9.9,10,  
2001-10-22,53.33,9.9,10,  
2001-10-24,53.33,9.9,10,370.03
2001-10-24,53.33,9.9,10,370.02
2001-10-29,53.33,9.9,10,  
2001-10-29,53.33,9.9,10,  
2001-11-05,53.33,9.9,10,370.4
2001-11-05,53.33,9.9,10,370.29
2001-11-08,53.33,9.9,10,371.2
2001-11-08,53.33,9.9,10,371.09
2001-12-13,53.33,9.9,10,379.23
2001-12-13,53.33,9.9,10,379.27
2002-01-03,53.33,9.9,10,381.5
2002-01-03,53.33,9.9,10,381.46
2002-01-09,53.33,9.9,10,379.67
2002-01-09,53.33,9.9,10,379.65
2002-01-17,53.33,9.9,10,374.79
2002-01-17,53.33,9.9,10,374.72
2002-03-14,53.33,9.9,10,377.77
2002-03-14,53.33,9.9,10,377.75
2002-04-03,53.33,9.9,10,377.92
2002-04-03,53.33,9.9,10,378
2002-04-05,53.33,9.9,10,  
2002-04-05,53.33,9.9,10,  
2002-04-18,53.33,9.9,10,378.18
2002-04-18,53.33,9.9,10,378.2
2002-04-22,53.33,9.9,10,376.92
2002-04-22,53.33,9.9,10,377.05
2002-04-29,53.33,9.9,10,377.77
2002-04-29,53.33,9.9,10,377.77
2002-05-14,53.33,9.9,10,376.34
2002-05-14,53.33,9.9,10,376.25
2002-05-20,53.33,9.9,10,377.52
2002-07-11,53.33,9.9,10,369.6
2002-07-11,53.33,9.9,10,369.55
2002-07-16,53.33,9.9,10,367.04
2002-07-16,53.33,9.9,10,366.93
2002-09-06,53.33,9.9,10,364
2002-09-06,53.33,9.9,10,363.93
2002-10-02,53.33,9.9,10,367.72
2002-10-02,53.33,9.9,10,367.76
2002-10-11,53.33,9.9,10,370.66
2002-10-11,53.33,9.9,10,370.66
2002-10-15,53.33,9.9,10,  
2002-10-15,53.33,9.9,10,  
2002-10-23,53.33,9.9,10,371.14
2002-10-23,53.33,9.9,10,371.13
2002-11-04,53.33,9.9,10,372.15
2002-11-04,53.33,9.9,10,372.15
2002-11-10,53.33,9.9,10,373.08
2002-11-10,53.33,9.9,10,373.01
2002-11-28,53.33,9.9,10,376.71
2002-11-28,53.33,9.9,10,376.68
2002-12-02,53.33,9.9,10,375.95
2002-12-02,53.33,9.9,10,375.95
2002-12-06,53.33,9.9,10,380.52
2002-12-06,53.33,9.9,10,380.58
2002-12-20,53.33,9.9,10,  
2002-12-20,53.33,9.9,10,  
2003-01-06,53.33,9.9,10,384
2003-01-06,53.33,9.9,10,384.02
2003-01-13,53.33,9.9,10,377.76
2003-01-13,53.33,9.9,10,377.73
2003-01-20,53.33,9.9,10,377.6
2003-01-20,53.33,9.9,10,377.6
2003-01-27,53.33,9.9,10,376.02
2003-01-27,53.33,9.9,10,375.97
2003-02-03,53.33,9.9,10,378.75
2003-02-03,53.33,9.9,10,378.57
2003-02-08,53.33,9.9,10,379.49
2003-02-08,53.33,9.9,10,379.58
2003-02-23,53.33,9.9,10,378.74
2003-02-23,53.33,9.9,10,378.73
2003-02-24,53.33,9.9,10,380.26
2003-02-24,53.33,9.9,10,380.24
2003-03-04,53.33,9.9,10,378.71
2003-03-04,53.33,9.9,10,378.65
2003-03-10,53.33,9.9,10,379.56
2003-03-10,53.33,9.9,10,379.48
2003-04-02,53.33,9.9,10,380.79
2003-04-02,53.33,9.9,10,380.73
2003-04-11,53.33,9.9,10,381.52
2003-04-11,53.33,9.9,10,381.39
2003-04-15,53.33,9.9,10,380.56
2003-04-15,53.33,9.9,10,380.59
2003-04-23,53.33,9.9,10,  
2003-04-23,53.33,9.9,10,  
2003-04-28,53.33,9.9,10,380.24
2003-04-28,53.33,9.9,10,380.27
2003-05-06,53.33,9.9,10,381.04
2003-05-06,53.33,9.9,10,381.1
2003-05-12,53.33,9.9,10,380.78
2003-05-12,53.33,9.9,10,380.82
2003-05-19,53.33,9.9,10,380.18
2003-05-27,53.33,9.9,10,378.35
2003-05-27,53.33,9.9,10,378.32
2003-05-30,53.33,9.9,10,378.01
2003-05-30,53.33,9.9,10,377.84
2003-06-10,53.33,9.9,10,  
2003-06-10,53.33,9.9,10,  
2003-06-17,53.33,9.9,10,377.64
2003-06-17,53.33,9.9,10,377.58
2003-06-23,53.33,9.9,10,376.98
2003-06-23,53.33,9.9,10,377.02
2003-07-02,53.33,9.9,10,  
2003-07-02,53.33,9.9,10,  
2003-07-07,53.33,9.9,10,370.87
2003-07-07,53.33,9.9,10,370.86
2003-07-17,53.33,9.9,10,372
2003-07-17,53.33,9.9,10,372
2003-07-23,53.33,9.9,10,371.21
2003-07-23,53.33,9.9,10,371.31
2003-07-28,53.33,9.9,10,372.72
2003-07-28,53.33,9.9,10,372.7
2003-08-12,53.33,9.9,10,368.13
2003-08-12,53.33,9.9,10,368.08
2003-08-18,53.33,9.9,10,366.93
2003-08-18,53.33,9.9,10,366.88
2003-08-25,53.33,9.9,10,  
2003-08-25,53.33,9.9,10,  
2003-09-01,53.33,9.9,10,368.7
2003-09-01,53.33,9.9,10,368.66
2003-09-09,53.33,9.9,10,368.78
2003-09-09,53.33,9.9,10,368.8
2003-09-16,53.33,9.9,10,  
2003-09-16,53.33,9.9,10,  
2003-09-19,53.33,9.9,10,370.29
2003-09-19,53.33,9.9,10,370.36
2003-09-23,53.33,9.9,10,369.66
2003-09-23,53.33,9.9,10,369.56
2003-09-29,53.33,9.9,10,370.9
2003-09-29,53.33,9.9,10,370.78
2003-10-06,53.33,9.9,10,372.42
2003-10-06,53.33,9.9,10,372.38
2003-10-15,53.33,9.9,10,  
2003-10-15,53.33,9.9,10,  
2003-10-20,53.33,9.9,10,374.04
2003-10-20,53.33,9.9,10,374
2003-11-11,53.33,9.9,10,376.13
2003-11-11,53.33,9.9,10,375.86
2003-11-17,53.33,9.9,10,375.51
2003-11-17,53.33,9.9,10,375.55
2003-11-24,53.33,9.9,10,378.09
2003-11-24,53.33,9.9,10,378.03
2003-12-03,53.33,9.9,10,378.93
2003-12-03,53.33,9.9,10,378.86
2003-12-10,53.33,9.9,10,378.88
2003-12-10,53.33,9.9,10,378.85
2003-12-18,53.33,9.9,10,380.12
2003-12-18,53.33,9.9,10,380.11
2003-12-22,53.33,9.9,10,379.57
2003-12-22,53.33,9.9,10,379.61
2004-01-05,53.33,9.9,10,377.83
2004-01-05,53.33,9.9,10,377.92
2004-01-12,53.33,9.9,10,380.27
2004-01-12,53.33,9.9,10,380.18
2004-01-19,53.33,9.9,10,378.71
2004-01-19,53.33,9.9,10,378.76
2004-01-27,53.33,9.9,10,381.17
2004-01-27,53.33,9.9,10,381.26
2004-02-02,53.33,9.9,10,382.03
2004-02-02,53.33,9.9,10,382.01
2004-02-16,53.33,9.9,10,382.58
2004-02-16,53.33,9.9,10,382.56
2004-02-23,53.33,9.9,10,  
2004-02-23,53.33,9.9,10,  
2004-02-23,53.33,9.9,10,  
2004-02-23,53.33,9.9,10,  
2004-03-03,53.33,9.9,10,380.9
2004-03-03,53.33,9.9,10,380.94
2004-03-10,53.33,9.9,10,385.25
2004-03-10,53.33,9.9,10,385.05
2004-03-15,53.33,9.9,10,380.29
2004-03-15,53.33,9.9,10,380.19
2004-03-22,53.33,9.9,10,383.05
2004-03-22,53.33,9.9,10,382.94
2004-04-02,53.33,9.9,10,380.84
2004-04-02,53.33,9.9,10,380.83
2004-04-05,53.33,9.9,10,382.05
2004-04-05,53.33,9.9,10,382.06
2004-04-13,53.33,9.9,10,382.54
2004-04-13,53.33,9.9,10,382.79
2004-04-19,53.33,9.9,10,382.75
2004-04-19,53.33,9.9,10,382.85
2004-04-26,53.33,9.9,10,382.24
2004-04-26,53.33,9.9,10,382.21
2004-05-04,53.33,9.9,10,382.28
2004-05-04,53.33,9.9,10,382.27
2004-05-13,53.33,9.9,10,381.27
2004-05-13,53.33,9.9,10,381.16
2004-05-17,53.33,9.9,10,381.71
2004-05-17,53.33,9.9,10,381.73
2004-06-09,53.33,9.9,10,378.64
2004-06-09,53.33,9.9,10,378.67
2004-06-15,53.33,9.9,10,378.88
2004-06-15,53.33,9.9,10,378.84
2004-06-22,53.33,9.9,10,379.37
2004-06-22,53.33,9.9,10,379.38
2004-06-28,53.33,9.9,10,377.05
2004-06-28,53.33,9.9,10,377.04
2004-07-06,53.33,9.9,10,376.42
2004-07-06,53.33,9.9,10,376.28
2004-07-14,53.33,9.9,10,  
2004-07-14,53.33,9.9,10,  
2004-07-22,53.33,9.9,10,373.06
2004-07-22,53.33,9.9,10,373.16
2004-07-26,53.33,9.9,10,371.55
2004-07-26,53.33,9.9,10,371.54
2004-08-12,53.33,9.9,10,  
2004-08-12,53.33,9.9,10,  
2004-08-17,53.33,9.9,10,370.44
2004-08-17,53.33,9.9,10,370.47
2004-08-26,53.33,9.9,10,  
2004-08-26,53.33,9.9,10,  
2004-09-02,53.33,9.9,10,367.4
2004-09-02,53.33,9.9,10,367.32
2004-09-08,53.33,9.9,10,  
2004-09-08,53.33,9.9,10,  
2004-09-13,53.33,9.9,10,  
2004-09-13,53.33,9.9,10,  
2004-09-20,53.33,9.9,10,370.85
2004-09-20,53.33,9.9,10,370.83
2004-09-27,53.33,9.9,10,372.24
2004-09-27,53.33,9.9,10,372.1
2004-10-04,53.33,9.9,10,372.24
2004-10-04,53.33,9.9,10,372.13
2004-10-11,53.33,9.9,10,  
2004-10-11,53.33,9.9,10,  
2004-10-19,53.33,9.9,10,374.1
2004-10-19,53.33,9.9,10,374.09
2004-10-26,53.33,9.9,10,375.54
2004-10-26,53.33,9.9,10,375.5
2004-11-04,53.33,9.9,10,377.32
2004-11-04,53.33,9.9,10,377.21
2004-11-11,53.33,9.9,10,376.75
2004-11-11,53.33,9.9,10,376.75
2004-11-22,53.33,9.9,10,377.89
2004-11-22,53.33,9.9,10,377.76
2004-11-28,53.33,9.9,10,379.59
2004-11-28,53.33,9.9,10,379.53
2004-12-05,53.33,9.9,10,380.05
2004-12-05,53.33,9.9,10,380.06
2004-12-15,53.33,9.9,10,379.89
2004-12-15,53.33,9.9,10,379.95
2004-12-20,53.33,9.9,10,380.6
2004-12-20,53.33,9.9,10,380.58
2004-12-27,53.33,9.9,10,381.08
2004-12-27,53.33,9.9,10,381.26
2005-01-03,53.33,9.9,10,380.98
2005-01-03,53.33,9.9,10,380.97
2005-01-10,53.33,9.9,10,381.51
2005-01-10,53.33,9.9,10,381.48
2005-01-17,53.33,9.9,10,  
2005-01-17,53.33,9.9,10,381.87
2005-02-03,53.33,9.9,10,380.91
2005-02-03,53.33,9.9,10,380.99
2005-02-16,53.33,9.9,10,  
2005-02-16,53.33,9.9,10,380.79
2005-02-23,53.33,9.9,10,  
2005-02-23,53.33,9.9,10,  
2005-02-28,53.33,9.9,10,  
2005-02-28,53.33,9.9,10,381.43
2005-03-07,53.33,9.9,10,  
2005-03-07,53.33,9.9,10,  
2005-03-15,53.33,9.9,10,  
2005-03-15,53.33,9.9,10,382.78
2005-03-22,53.33,9.9,10,  
2005-03-22,53.33,9.9,10,383.09
2005-04-05,53.33,9.9,10,  
2005-04-05,53.33,9.9,10,  
2005-04-12,53.33,9.9,10,  
2005-04-12,53.33,9.9,10,  
2005-04-19,53.33,9.9,10,  
2005-04-19,53.33,9.9,10,  
2005-04-22,53.33,9.9,10,  
2005-04-22,53.33,9.9,10,385.86
2005-04-26,53.33,9.9,10,  
2005-04-26,53.33,9.9,10,  
2005-05-05,53.33,9.9,10,  
2005-05-05,53.33,9.9,10,383.74
2005-05-13,53.33,9.9,10,  
2005-05-13,53.33,9.9,10,382.4
2005-05-19,53.33,9.9,10,  
2005-05-19,53.33,9.9,10,383.45
2005-05-23,53.33,9.9,10,  
2005-05-23,53.33,9.9,10,385.3
2005-06-01,53.33,9.9,10,  
2005-06-01,53.33,9.9,10,382.05
2005-06-08,53.33,9.9,10,  
2005-06-08,53.33,9.9,10,  
2005-06-27,53.33,9.9,10,  
2005-06-27,53.33,9.9,10,379.15
2005-07-04,53.33,9.9,10,  
2005-07-04,53.33,9.9,10,379.1
2005-07-15,53.33,9.9,10,  
2005-07-15,53.33,9.9,10,375.36
2005-07-18,53.33,9.9,10,  
2005-07-18,53.33,9.9,10,374.27
2005-07-26,53.33,9.9,10,  
2005-07-26,53.33,9.9,10,  
2005-08-09,53.33,9.9,10,  
2005-08-09,53.33,9.9,10,375.27
2005-08-27,53.33,9.9,10,  
2005-08-27,53.33,9.9,10,  
2005-09-01,53.33,9.9,10,  
2005-09-01,53.33,9.9,10,371.2
2005-09-07,53.33,9.9,10,  
2005-09-07,53.33,9.9,10,374.24
2005-09-14,53.33,9.9,10,  
2005-09-14,53.33,9.9,10,373.47
2005-09-23,53.33,9.9,10,  
2005-09-23,53.33,9.9,10,372.04
2005-09-26,53.33,9.9,10,  
2005-09-26,53.33,9.9,10,375.23
2005-10-03,53.33,9.9,10,  
2005-10-03,53.33,9.9,10,374.73
2005-10-05,53.33,9.9,10,  
2005-10-05,53.33,9.9,10,377.21
2005-10-10,53.33,9.9,10,  
2005-10-10,53.33,9.9,10,376.62
2005-10-18,53.33,9.9,10,  
2005-10-18,53.33,9.9,10,  
2005-10-20,53.33,9.9,10,  
2005-10-20,53.33,9.9,10,376.19
2005-10-31,53.33,9.9,10,  
2005-10-31,53.33,9.9,10,378.85
2005-11-08,53.33,9.9,10,  
2005-11-08,53.33,9.9,10,379.8
2005-11-14,53.33,9.9,10,  
2005-11-14,53.33,9.9,10,380.97
2005-11-21,53.33,9.9,10,  
2005-11-21,53.33,9.9,10,  
2005-11-28,53.33,9.9,10,  
2005-11-28,53.33,9.9,10,381.38
2005-11-30,53.33,9.9,10,  
2005-11-30,53.33,9.9,10,380.96
2005-12-16,53.33,9.9,10,  
2005-12-16,53.33,9.9,10,382.54
2005-12-19,53.33,9.9,10,  
2005-12-19,53.33,9.9,10,384.27
2005-12-29,53.33,9.9,10,  
2005-12-29,53.33,9.9,10,384.9
2006-01-13,53.33,9.9,10,384.58
2006-01-13,53.33,9.9,10,384.62
2006-01-16,53.33,9.9,10,385.37
2006-01-16,53.33,9.9,10,385.42
2006-01-25,53.33,9.9,10,  
2006-01-25,53.33,9.9,10,389.69
2006-02-02,53.33,9.9,10,  
2006-02-02,53.33,9.9,10,  
2006-02-07,53.33,9.9,10,  
2006-02-07,53.33,9.9,10,384.68
2006-02-14,53.33,9.9,10,  
2006-02-14,53.33,9.9,10,386.17
2006-02-24,53.33,9.9,10,386.75
2006-02-24,53.33,9.9,10,386.75
2006-02-27,53.33,9.9,10,385.18
2006-02-27,53.33,9.9,10,385.18
2006-03-07,53.33,9.9,10,385.38
2006-03-07,53.33,9.9,10,385.49
2006-03-13,53.33,9.9,10,385.01
2006-03-13,53.33,9.9,10,384.94
2006-03-21,53.33,9.9,10,  
2006-03-21,53.33,9.9,10,388.36
2006-03-27,53.33,9.9,10,  
2006-03-27,53.33,9.9,10,385.81
2006-04-03,53.33,9.9,10,  
2006-04-03,53.33,9.9,10,386.27
2006-04-11,53.33,9.9,10,  
2006-04-11,53.33,9.9,10,386.87
2006-04-18,53.33,9.9,10,  
2006-04-18,53.33,9.9,10,386.49
2006-04-25,53.33,9.9,10,  
2006-04-25,53.33,9.9,10,  
2006-05-02,53.33,9.9,10,  
2006-05-02,53.33,9.9,10,386.59
2006-05-28,53.33,9.9,10,  
2006-05-28,53.33,9.9,10,388.29
2006-05-31,53.33,9.9,10,  
2006-05-31,53.33,9.9,10,386.94
2006-06-19,53.33,9.9,10,382.48
2006-06-19,53.33,9.9,10,382.68
2006-06-29,53.33,9.9,10,  
2006-06-29,53.33,9.9,10,381.47
2006-07-07,53.33,9.9,10,  
2006-07-07,53.33,9.9,10,379.54
2006-07-27,53.33,9.9,10,  
2006-07-27,53.33,9.9,10,378.16
2006-07-31,53.33,9.9,10,  
2006-07-31,53.33,9.9,10,376.47
2006-08-09,53.33,9.9,10,  
2006-08-09,53.33,9.9,10,373.38
2006-08-15,53.33,9.9,10,  
2006-08-15,53.33,9.9,10,373.39
2006-08-23,53.33,9.9,10,  
2006-08-23,53.33,9.9,10,372.58
2006-08-28,53.33,9.9,10,  
2006-08-28,53.33,9.9,10,371.5
2006-09-05,53.33,9.9,10,  
2006-09-05,53.33,9.9,10,  
2006-09-13,53.33,9.9,10,  
2006-09-13,53.33,9.9,10,374.31
2006-09-25,53.33,9.9,10,  
2006-09-25,53.33,9.9,10,375.19
2006-10-04,53.33,9.9,10,  
2006-10-04,53.33,9.9,10,377.91
2006-10-09,53.33,9.9,10,  
2006-10-09,53.33,9.9,10,377.9
2006-10-13,53.33,9.9,10,  
2006-10-13,53.33,9.9,10,  
2006-10-17,53.33,9.9,10,  
2006-10-23,53.33,9.9,10,  
2006-10-23,53.33,9.9,10,379.88
2006-10-31,53.33,9.9,10,  
2006-10-31,53.33,9.9,10,381.18
2006-11-08,53.33,9.9,10,  
2006-11-08,53.33,9.9,10,382.23
2006-11-20,53.33,9.9,10,  
2006-11-20,53.33,9.9,10,384.06
2006-11-24,53.33,9.9,10,  
2006-11-24,53.33,9.9,10,384.18
2006-12-04,53.33,9.9,10,  
2006-12-04,53.33,9.9,10,383.45
2006-12-11,53.33,9.9,10,  
2006-12-11,53.33,9.9,10,385.04
2006-12-21,53.33,9.9,10,387.64
2006-12-21,53.33,9.9,10,387.5
2007-01-03,53.33,9.9,10,385.96
2007-01-03,53.33,9.9,10,385.99
2007-01-10,53.33,9.9,10,  
2007-01-10,53.33,9.9,10,386.44
2007-01-17,53.33,9.9,10,  
2007-01-17,53.33,9.9,10,386.36
2007-01-22,53.33,9.9,10,386.51
2007-01-23,53.33,9.9,10,  
2007-01-23,53.33,9.9,10,387.81
2007-01-31,53.33,9.9,10,  
2007-01-31,53.33,9.9,10,  
2007-02-13,53.33,9.9,10,  
2007-02-13,53.33,9.9,10,387.47
2007-02-27,53.33,9.9,10,  
2007-02-27,53.33,9.9,10,386.94
2007-03-06,53.33,9.9,10,  
2007-03-06,53.33,9.9,10,387.4
2007-03-12,53.33,9.9,10,  
2007-03-12,53.33,9.9,10,388.45
2007-03-21,53.33,9.9,10,  
2007-03-21,53.33,9.9,10,386.57
2007-03-26,53.33,9.9,10,  
2007-03-26,53.33,9.9,10,  
2007-03-28,53.33,9.9,10,389.06
2007-03-28,53.33,9.9,10,  
2007-04-10,53.33,9.9,10,  
2007-04-10,53.33,9.9,10,  
2007-04-16,53.33,9.9,10,  
2007-04-16,53.33,9.9,10,388.68
2007-04-23,53.33,9.9,10,  
2007-04-23,53.33,9.9,10,386.4
2007-05-07,53.33,9.9,10,  
2007-05-07,53.33,9.9,10,388.42
2007-05-14,53.33,9.9,10,  
2007-05-14,53.33,9.9,10,387.85
2007-05-21,53.33,9.9,10,  
2007-05-21,53.33,9.9,10,387.16
2007-06-19,53.33,9.9,10,  
2007-06-19,53.33,9.9,10,  
2007-06-26,53.33,9.9,10,  
2007-06-26,53.33,9.9,10,383.6
2007-07-02,53.33,9.9,10,  
2007-07-02,53.33,9.9,10,380.43
2007-07-09,53.33,9.9,10,  
2007-07-09,53.33,9.9,10,380.56
2007-07-17,53.33,9.9,10,  
2007-07-17,53.33,9.9,10,378.34
2007-07-24,53.33,9.9,10,  
2007-07-24,53.33,9.9,10,378.02
2007-08-02,53.33,9.9,10,  
2007-08-02,53.33,9.9,10,373.82
2007-08-07,53.33,9.9,10,  
2007-08-07,53.33,9.9,10,374.17
2007-08-16,53.33,9.9,10,  
2007-08-16,53.33,9.9,10,374.84
2007-08-28,53.33,9.9,10,  
2007-08-28,53.33,9.9,10,373.72
2007-09-04,53.33,9.9,10,  
2007-09-04,53.33,9.9,10,  
2007-09-14,53.33,9.9,10,  
2007-09-14,53.33,9.9,10,375.2
2007-09-18,53.33,9.9,10,  
2007-09-18,53.33,9.9,10,375.73
2007-09-24,53.33,9.9,10,  
2007-09-24,53.33,9.9,10,375.4
2007-10-15,53.33,9.9,10,  
2007-10-15,53.33,9.9,10,381.48
2007-10-22,53.33,9.9,10,  
2007-10-22,53.33,9.9,10,381.53
2007-11-06,53.33,9.9,10,  
2007-11-06,53.33,9.9,10,384.14
2007-11-14,53.33,9.9,10,  
2007-11-14,53.33,9.9,10,382.58
2007-11-22,53.33,9.9,10,386.46
2007-11-27,53.33,9.9,10,  
2007-11-27,53.33,9.9,10,384.12
2007-12-03,53.33,9.9,10,  
2007-12-03,53.33,9.9,10,386.36
2007-12-10,53.33,9.9,10,  
2007-12-10,53.33,9.9,10,386.46
2007-12-17,53.33,9.9,10,  
2007-12-17,53.33,9.9,10,  
2007-12-29,53.33,9.9,10,  
2007-12-29,53.33,9.9,10,387.64
2008-01-07,53.33,9.9,10,  
2008-01-07,53.33,9.9,10,388.99
2008-01-14,53.33,9.9,10,  
2008-01-14,53.33,9.9,10,390.04
2008-01-21,53.33,9.9,10,389.7
2008-01-21,53.33,9.9,10,390.08
2008-01-29,53.33,9.9,10,389.8
2008-01-29,53.33,9.9,10,389.89
2008-02-04,53.33,9.9,10,390.04
2008-02-04,53.33,9.9,10,390.03
2008-02-12,53.33,9.9,10,  
2008-02-12,53.33,9.9,10,  
2008-02-20,53.33,9.9,10,390.34
2008-02-20,53.33,9.9,10,390.38
2008-02-28,53.33,9.9,10,389.86
2008-02-28,53.33,9.9,10,390.08
2008-03-07,53.33,9.9,10,391
2008-03-07,53.33,9.9,10,390.89
2008-03-11,53.33,9.9,10,  
2008-03-11,53.33,9.9,10,  
2008-03-20,53.33,9.9,10,390.63
2008-03-20,53.33,9.9,10,390.58
2008-03-25,53.33,9.9,10,389.55
2008-03-25,53.33,9.9,10,389.6
2008-04-01,53.33,9.9,10,392.39
2008-04-01,53.33,9.9,10,392.36
2008-04-10,53.33,9.9,10,390.88
2008-04-10,53.33,9.9,10,390.92
2008-04-14,53.33,9.9,10,391.81
2008-04-14,53.33,9.9,10,391.78
2008-04-18,53.33,9.9,10,391.04
2008-04-18,53.33,9.9,10,391.08
2008-04-24,53.33,9.9,10,  
2008-04-24,53.33,9.9,10,  
2008-04-24,53.33,9.9,10,391.43
2008-04-24,53.33,9.9,10,391.4
2008-04-30,53.33,9.9,10,  
2008-04-30,53.33,9.9,10,  
2008-06-03,53.33,9.9,10,390.22
2008-06-03,53.33,9.9,10,390.16
2008-06-09,53.33,9.9,10,387.98
2008-06-09,53.33,9.9,10,387.95
2008-06-16,53.33,9.9,10,387.14
2008-06-16,53.33,9.9,10,386.93
2008-06-25,53.33,9.9,10,387.06
2008-06-25,53.33,9.9,10,387.04
2008-07-08,53.33,9.9,10,383.1
2008-07-08,53.33,9.9,10,382.97
2008-07-14,53.33,9.9,10,379.94
2008-07-14,53.33,9.9,10,379.9
2008-07-21,53.33,9.9,10,380.59
2008-07-21,53.33,9.9,10,380.57
2008-07-30,53.33,9.9,10,379.38
2008-07-30,53.33,9.9,10,379.46
2008-08-07,53.33,9.9,10,  
2008-08-07,53.33,9.9,10,  
2008-08-11,53.33,9.9,10,379.71
2008-08-11,53.33,9.9,10,379.73
2008-08-19,53.33,9.9,10,378.11
2008-08-19,53.33,9.9,10,377.99
2008-08-25,53.33,9.9,10,  
2008-08-25,53.33,9.9,10,  
2008-09-01,53.33,9.9,10,375.55
2008-09-01,53.33,9.9,10,375.53
2008-09-09,53.33,9.9,10,377.41
2008-09-09,53.33,9.9,10,377.36
2008-09-23,53.33,9.9,10,378.01
2008-09-23,53.33,9.9,10,377.94
2008-10-16,53.33,9.9,10,381.47
2008-10-16,53.33,9.9,10,381.65
2008-10-20,53.33,9.9,10,382.73
2008-10-20,53.33,9.9,10,382.67
2008-10-29,53.33,9.9,10,384.88
2008-10-29,53.33,9.9,10,385.06
2008-11-06,53.33,9.9,10,  
2008-11-06,53.33,9.9,10,  
2008-11-07,53.33,9.9,10,386.14
2008-11-07,53.33,9.9,10,386.12
2008-11-11,53.33,9.9,10,385.34
2008-11-11,53.33,9.9,10,385.13
2008-11-17,53.33,9.9,10,386.53
2008-11-17,53.33,9.9,10,386.45
2008-11-26,53.33,9.9,10,385.66
2008-11-26,53.33,9.9,10,385.56
2008-12-04,53.33,9.9,10,391.21
2008-12-04,53.33,9.9,10,391.08
2008-12-10,53.33,9.9,10,387.7
2008-12-10,53.33,9.9,10,387.7
2008-12-15,53.33,9.9,10,388.58
2008-12-15,53.33,9.9,10,388.46
2008-12-19,53.33,9.9,10,388.32
2008-12-19,53.33,9.9,10,388.35
2008-12-29,53.33,9.9,10,  
2008-12-29,53.33,9.9,10,  
2009-01-12,53.33,9.9,10,390.92
2009-01-12,53.33,9.9,10,390.87
2009-01-19,53.33,9.9,10,390.72
2009-01-19,53.33,9.9,10,390.5
2009-01-27,53.33,9.9,10,389.91
2009-01-27,53.33,9.9,10,389.84
2009-02-10,53.33,9.9,10,390.79
2009-02-10,53.33,9.9,10,390.73
2009-02-19,53.33,9.9,10,390.42
2009-02-19,53.33,9.9,10,390.31
2009-02-24,53.33,9.9,10,392
2009-02-24,53.33,9.9,10,391.89
2009-03-03,53.33,9.9,10,390.61
2009-03-03,53.33,9.9,10,390.57
2009-03-09,53.33,9.9,10,391.78
2009-03-09,53.33,9.9,10,391.76
2009-03-24,53.33,9.9,10,391.91
2009-03-24,53.33,9.9,10,391.85
2009-03-31,53.33,9.9,10,392.27
2009-03-31,53.33,9.9,10,392.28
2009-04-06,53.33,9.9,10,392.87
2009-04-06,53.33,9.9,10,392.96
2009-04-22,53.33,9.9,10,392.32
2009-04-22,53.33,9.9,10,392.3
2009-05-01,53.33,9.9,10,  
2009-05-01,53.33,9.9,10,  
2009-05-05,53.33,9.9,10,391.65
2009-05-05,53.33,9.9,10,391.65
2009-05-12,53.33,9.9,10,393.38
2009-05-12,53.33,9.9,10,393.38
2009-05-25,53.33,9.9,10,390.31
2009-05-25,53.33,9.9,10,390.31
2009-06-05,53.33,9.9,10,390.39
2009-06-05,53.33,9.9,10,390.29
2009-06-11,53.33,9.9,10,390.98
2009-06-11,53.33,9.9,10,391.13
2009-06-17,53.33,9.9,10,  
2009-06-17,53.33,9.9,10,  
2009-06-22,53.33,9.9,10,385.96
2009-06-22,53.33,9.9,10,385.99
2009-06-27,53.33,9.9,10,  
2009-06-27,53.33,9.9,10,  
2009-07-07,53.33,9.9,10,386.11
2009-07-07,53.33,9.9,10,385.97
2009-07-13,53.33,9.9,10,  
2009-07-13,53.33,9.9,10,  
2009-07-20,53.33,9.9,10,381.54
2009-07-20,53.33,9.9,10,381.45
2009-08-04,53.33,9.9,10,  
2009-08-04,53.33,9.9,10,  
2009-08-10,53.33,9.9,10,380.01
2009-08-10,53.33,9.9,10,380.03
2009-09-01,53.33,9.9,10,375.34
2009-09-01,53.33,9.9,10,375.28
2009-09-08,53.33,9.9,10,377.59
2009-09-08,53.33,9.9,10,377.51
2009-09-18,53.33,9.9,10,380.9
2009-09-18,53.33,9.9,10,380.91
2009-10-13,53.33,9.9,10,383.7
2009-10-13,53.33,9.9,10,383.63
2009-10-19,53.33,9.9,10,383.51
2009-10-19,53.33,9.9,10,383.48
2009-11-12,53.33,9.9,10,390.26
2009-11-12,53.33,9.9,10,390.26
2009-11-16,53.33,9.9,10,388.03
2009-11-16,53.33,9.9,10,387.96
2009-11-23,53.33,9.9,10,389.03
2009-11-23,53.33,9.9,10,388.97
2009-12-03,53.33,9.9,10,388.89
2009-12-03,53.33,9.9,10,388.99
2009-12-07,53.33,9.9,10,388.99
2009-12-07,53.33,9.9,10,389.01
2009-12-29,53.33,9.9,10,  
2009-12-29,53.33,9.9,10,  
2010-01-04,53.33,9.9,10,  
2010-01-04,53.33,9.9,10,  
2010-01-07,53.33,9.9,10,390.86
2010-01-07,53.33,9.9,10,390.8
2010-01-27,53.33,9.9,10,391.18
2010-01-27,53.33,9.9,10,391.13
2010-02-01,53.33,9.9,10,391.86
2010-02-01,53.33,9.9,10,391.76
2010-02-08,53.33,9.9,10,  
2010-02-08,53.33,9.9,10,  
2010-02-15,53.33,9.9,10,393.38
2010-02-15,53.33,9.9,10,393.2
2010-02-23,53.33,9.9,10,  
2010-02-23,53.33,9.9,10,  
2010-03-02,53.33,9.9,10,392.74
2010-03-02,53.33,9.9,10,392.6
2010-03-08,53.33,9.9,10,  
2010-03-08,53.33,9.9,10,  
2010-03-18,53.33,9.9,10,393.17
2010-03-18,53.33,9.9,10,393.11
2010-03-22,53.33,9.9,10,394.51
2010-03-22,53.33,9.9,10,394.4
2010-03-30,53.33,9.9,10,393.91
2010-03-30,53.33,9.9,10,393.9
2010-04-06,53.33,9.9,10,394.56
2010-04-06,53.33,9.9,10,394.65
2010-04-12,53.33,9.9,10,  
2010-04-12,53.33,9.9,10,  
2010-04-19,53.33,9.9,10,394.56
2010-04-19,53.33,9.9,10,394.43
2010-04-30,53.33,9.9,10,393.86
2010-04-30,53.33,9.9,10,394.05
2010-05-01,53.33,9.9,10,391.47
2010-05-01,53.33,9.9,10,391.31
2010-05-14,53.33,9.9,10,392.36
2010-05-14,53.33,9.9,10,392.4
2010-05-27,53.33,9.9,10,392.48
2010-05-27,53.33,9.9,10,392.48
2010-06-08,53.33,9.9,10,390.81
2010-06-08,53.33,9.9,10,390.78
2010-06-14,53.33,9.9,10,389.34
2010-06-14,53.33,9.9,10,389.32
2010-06-23,53.33,9.9,10,387
2010-06-23,53.33,9.9,10,386.96
2010-06-29,53.33,9.9,10,388.66
2010-06-29,53.33,9.9,10,388.58
2010-07-05,53.33,9.9,10,387.41
2010-07-05,53.33,9.9,10,387.48
2010-07-15,53.33,9.9,10,387.85
2010-07-19,53.33,9.9,10,384.14
2010-07-19,53.33,9.9,10,384.1
2010-07-26,53.33,9.9,10,  
2010-07-26,53.33,9.9,10,  
2010-08-03,53.33,9.9,10,382.62
2010-08-03,53.33,9.9,10,382.48
2010-08-09,53.33,9.9,10,380.48
2010-08-09,53.33,9.9,10,380.37
2010-08-17,53.33,9.9,10,380.39
2010-08-17,53.33,9.9,10,380.32
2010-08-23,53.33,9.9,10,379.58
2010-08-23,53.33,9.9,10,379.53
2010-09-01,53.33,9.9,10,379.16
2010-09-06,53.33,9.9,10,382.25
2010-09-06,53.33,9.9,10,382.23
2010-09-13,53.33,9.9,10,382.32
2010-09-13,53.33,9.9,10,382.25
2010-10-05,53.33,9.9,10,386.32
2010-10-05,53.33,9.9,10,386.11
2010-10-21,53.33,9.9,10,387.73
2010-10-21,53.33,9.9,10,387.7
2010-10-26,53.33,9.9,10,388.03
2010-10-26,53.33,9.9,10,388
2010-11-01,53.33,9.9,10,389.05
2010-11-01,53.33,9.9,10,389.05
2010-11-08,53.33,9.9,10,391.61
2010-11-08,53.33,9.9,10,391.59
2010-11-15,53.33,9.9,10,391.38
2010-11-15,53.33,9.9,10,391.47
2010-11-29,53.33,9.9,10,  
2010-11-29,53.33,9.9,10,  
2010-12-03,53.33,9.9,10,393.42
2010-12-03,53.33,9.9,10,393.37
2010-12-06,53.33,9.9,10,392.41
2010-12-06,53.33,9.9,10,392.37
2010-12-13,53.33,9.9,10,  
2010-12-13,53.33,9.9,10,  
2010-12-28,53.33,9.9,10,394.24
2010-12-28,53.33,9.9,10,394.32
2011-01-04,53.33,9.9,10,393.86
2011-01-04,53.33,9.9,10,393.87
2011-01-12,53.33,9.9,10,393.11
2011-01-12,53.33,9.9,10,393.08
2011-01-17,53.33,9.9,10,393.98
2011-01-17,53.33,9.9,10,393.98
2011-01-24,53.33,9.9,10,394.51
2011-01-24,53.33,9.9,10,394.47
2011-01-31,53.33,9.9,10,394.23
2011-01-31,53.33,9.9,10,394.25
2011-02-07,53.33,9.9,10,395.65
2011-02-07,53.33,9.9,10,395.71
2011-02-14,53.33,9.9,10,395.28
2011-02-14,53.33,9.9,10,395.5
2011-02-23,53.33,9.9,10,394.74
2011-02-23,53.33,9.9,10,394.87
2011-02-28,53.33,9.9,10,399.17
2011-02-28,53.33,9.9,10,399.04
2011-03-08,53.33,9.9,10,396.4
2011-03-08,53.33,9.9,10,396.39
2011-03-16,53.33,9.9,10,396.84
2011-03-16,53.33,9.9,10,396.88
2011-03-18,53.33,9.9,10,396.43
2011-03-18,53.33,9.9,10,396.4
2011-03-24,53.33,9.9,10,  
2011-03-24,53.33,9.9,10,  
2011-03-30,53.33,9.9,10,395.93
2011-03-30,53.33,9.9,10,395.94
2011-04-04,53.33,9.9,10,396.28
2011-04-04,53.33,9.9,10,396.2
2011-04-15,53.33,9.9,10,397.73
2011-04-15,53.33,9.9,10,397.71
2011-04-18,53.33,9.9,10,  
2011-04-18,53.33,9.9,10,  
2011-04-26,53.33,9.9,10,  
2011-04-26,53.33,9.9,10,  
2011-05-03,53.33,9.9,10,393.86
2011-05-03,53.33,9.9,10,393.92
2011-05-05,53.33,9.9,10,394.94
2011-05-05,53.33,9.9,10,394.89
2011-05-11,53.33,9.9,10,395.29
2011-05-11,53.33,9.9,10,395.54
2011-05-16,53.33,9.9,10,396.4
2011-05-16,53.33,9.9,10,396.3
2011-05-20,53.33,9.9,10,397.37
2011-05-20,53.33,9.9,10,397.44
2011-05-27,53.33,9.9,10,395.63
2011-05-27,53.33,9.9,10,395.65
2011-05-30,53.33,9.9,10,395.26
2011-05-30,53.33,9.9,10,395.28
2011-06-07,53.33,9.9,10,395.48
2011-06-07,53.33,9.9,10,395.44
2011-06-15,53.33,9.9,10,394.36
2011-06-15,53.33,9.9,10,394.33
2011-06-21,53.33,9.9,10,393.16
2011-06-21,53.33,9.9,10,393.17
2011-06-27,53.33,9.9,10,392.87
2011-06-27,53.33,9.9,10,392.77
2011-07-05,53.33,9.9,10,389.14
2011-07-05,53.33,9.9,10,389.06
2011-07-14,53.33,9.9,10,386.46
2011-07-14,53.33,9.9,10,386.39
2011-07-18,53.33,9.9,10,386.87
2011-07-18,53.33,9.9,10,386.81
2011-07-27,53.33,9.9,10,384.62
2011-08-02,53.33,9.9,10,384.7
2011-08-02,53.33,9.9,10,384.27
2011-08-05,53.33,9.9,10,384.24
2011-08-10,53.33,9.9,10,383.63
2011-08-10,53.33,9.9,10,383.77
2011-08-16,53.33,9.9,10,381.64
2011-08-16,53.33,9.9,10,381.66
2011-08-23,53.33,9.9,10,381.71
2011-08-23,53.33,9.9,10,381.67
2011-08-29,53.33,9.9,10,381.69
2011-08-29,53.33,9.9,10,381.71
2011-09-01,53.33,9.9,10,  
2011-09-05,53.33,9.9,10,381.59
2011-09-05,53.33,9.9,10,381.66
2011-09-12,53.33,9.9,10,381.47
2011-09-12,53.33,9.9,10,381.39
2011-09-16,53.33,9.9,10,383.47
2011-09-16,53.33,9.9,10,383.31
2011-10-10,53.33,9.9,10,387.84
2011-10-10,53.33,9.9,10,387.97
2011-10-17,53.33,9.9,10,389.84
2011-10-17,53.33,9.9,10,389.77
2011-10-26,53.33,9.9,10,390.52
2011-10-26,53.33,9.9,10,390.45
2011-11-03,53.33,9.9,10,391.6
2011-11-03,53.33,9.9,10,391.61
2011-11-08,53.33,9.9,10,  
2011-11-08,53.33,9.9,10,  
2011-11-14,53.33,9.9,10,  
2011-11-14,53.33,9.9,10,  
2011-11-16,53.33,9.9,10,393.73
2011-11-16,53.33,9.9,10,393.47
2011-11-22,53.33,9.9,10,396.56
2011-11-22,53.33,9.9,10,396.47
2011-11-29,53.33,9.9,10,394.21
2011-11-29,53.33,9.9,10,394.26
2011-12-05,53.33,9.9,10,395.5
2011-12-05,53.33,9.9,10,395.57
2011-12-14,53.33,9.9,10,395.47
2011-12-14,53.33,9.9,10,395.36
2011-12-20,53.33,9.9,10,397.18
2011-12-20,53.33,9.9,10,397.2
2011-12-28,53.33,9.9,10,396.22
2011-12-28,53.33,9.9,10,396.21
2012-01-03,53.33,9.9,10,395.67
2012-01-03,53.33,9.9,10,395.65
2012-01-09,53.33,9.9,10,396.91
2012-01-09,53.33,9.9,10,396.8
2012-01-19,53.33,9.9,10,396.53
2012-01-19,53.33,9.9,10,396.59
2012-01-24,53.33,9.9,10,394.7
2012-01-24,53.33,9.9,10,394.67
2012-01-31,53.33,9.9,10,  
2012-01-31,53.33,9.9,10,  
2012-02-06,53.33,9.9,10,395.73
2012-02-06,53.33,9.9,10,395.78
2012-02-16,53.33,9.9,10,396.56
2012-02-16,53.33,9.9,10,396.55
2012-02-21,53.33,9.9,10,395.03
2012-02-21,53.33,9.9,10,395.13
2012-02-27,53.33,9.9,10,396.4
2012-02-27,53.33,9.9,10,396.43
2012-03-16,53.33,9.9,10,398.49
2012-03-16,53.33,9.9,10,398.39
2012-03-20,53.33,9.9,10,397.93
2012-03-20,53.33,9.9,10,397.96
2012-03-23,53.33,9.9,10,399.25
2012-03-23,53.33,9.9,10,399.29
2012-03-27,53.33,9.9,10,  
2012-03-27,53.33,9.9,10,  
2012-04-05,53.33,9.9,10,398.12
2012-04-05,53.33,9.9,10,398.11
2012-04-10,53.33,9.9,10,398.79
2012-04-10,53.33,9.9,10,398.69
2012-04-14,53.33,9.9,10,398.15
2012-04-14,53.33,9.9,10,398.15
2012-04-17,53.33,9.9,10,399.04
2012-04-23,53.33,9.9,10,399.11
2012-04-23,53.33,9.9,10,399.02
2012-04-30,53.33,9.9,10,399.71
2012-04-30,53.33,9.9,10,399.72
2012-05-08,53.33,9.9,10,398.92
2012-05-08,53.33,9.9,10,399.15
2012-05-21,53.33,9.9,10,  
2012-05-21,53.33,9.9,10,  
2012-05-21,53.33,9.9,10,395.91
2012-05-21,53.33,9.9,10,395.9
2012-05-31,53.33,9.9,10,395.43
2012-05-31,53.33,9.9,10,395.38
2012-06-06,53.33,9.9,10,396.2
2012-06-06,53.33,9.9,10,395.95
2012-06-11,53.33,9.9,10,393.9
2012-06-11,53.33,9.9,10,393.88
2012-06-18,53.33,9.9,10,394.87
2012-06-18,53.33,9.9,10,394.79
2012-06-26,53.33,9.9,10,392.9
2012-06-26,53.33,9.9,10,392.89
2012-07-02,53.33,9.9,10,393.49
2012-07-02,53.33,9.9,10,393.5
2012-07-09,53.33,9.9,10,389.7
2012-07-09,53.33,9.9,10,389.85
2012-07-16,53.33,9.9,10,386.14
2012-07-27,53.33,9.9,10,385.89
2012-07-27,53.33,9.9,10,385.97
2012-08-02,53.33,9.9,10,385.67
2012-08-02,53.33,9.9,10,385.67
2012-08-06,53.33,9.9,10,385.1
2012-08-06,53.33,9.9,10,385.14
2012-08-16,53.33,9.9,10,384.67
2012-08-16,53.33,9.9,10,384.81
2012-08-22,53.33,9.9,10,384.21
2012-08-22,53.33,9.9,10,384.09
2012-08-28,53.33,9.9,10,384.86
2012-09-04,53.33,9.9,10,384.98
2012-09-04,53.33,9.9,10,384.92
2012-09-11,53.33,9.9,10,384.78
2012-09-17,53.33,9.9,10,386.56
2012-09-17,53.33,9.9,10,386.66
2012-09-17,53.33,9.9,10,386.67
2012-10-12,53.33,9.9,10,390.47
2012-10-12,53.33,9.9,10,390.42
2012-10-16,53.33,9.9,10,392.8
2012-10-16,53.33,9.9,10,392.8
2012-10-26,53.33,9.9,10,392.96
2012-10-26,53.33,9.9,10,392.91
2012-10-30,53.33,9.9,10,393.88
2012-10-30,53.33,9.9,10,393.86
2012-11-06,53.33,9.9,10,394.14
2012-11-06,53.33,9.9,10,394.06
2012-11-12,53.33,9.9,10,393.4
2012-11-12,53.33,9.9,10,393.31
2012-11-19,53.33,9.9,10,396.13
2012-11-19,53.33,9.9,10,396.03
2012-12-04,53.33,9.9,10,396.98
2012-12-04,53.33,9.9,10,396.94
2012-12-12,53.33,9.9,10,  
2012-12-12,53.33,9.9,10,  
2012-12-14,53.33,9.9,10,398.64
2012-12-14,53.33,9.9,10,398.48
2008-12-15,56.24,-3.2,10,388.46
2008-12-19,56.24,-3.2,10,388.32
2008-12-19,56.24,-3.2,10,388.35
2008-12-29,56.24,-3.2,10,  
2008-12-29,56.24,-3.2,10,  
2009-01-12,56.24,-3.2,10,390.92
2009-01-12,56.24,-3.2,10,390.87
2009-01-19,56.24,-3.2,10,390.72
2009-01-19,56.24,-3.2,10,390.5
2009-01-27,56.24,-3.2,10,389.91
2009-01-27,56.24,-3.2,10,389.84
2009-02-10,56.24,-3.2,10,390.79
2009-02-10,56.24,-3.2,10,390.73
2009-02-19,56.24,-3.2,10,390.42
2009-02-19,56.24,-3.2,10,390.31
2009-02-24,56.24,-3.2,10,392
2009-02-24,56.24,-3.2,10,391.89
2009-03-03,56.24,-3.2,10,390.61
2009-03-03,56.24,-3.2,10,390.57
2009-03-09,56.24,-3.2,10,391.78
2009-03-09,56.24,-3.2,10,391.76
2009-03-24,56.24,-3.2,10,391.91
2009-03-24,56.24,-3.2,10,391.85
2009-03-31,56.24,-3.2,10,392.27
2009-03-31,56.24,-3.2,10,392.28
2009-04-06,56.24,-3.2,10,392.87
2009-04-06,56.24,-3.2,10,392.96
2009-04-22,56.24,-3.2,10,392.32
2009-04-22,56.24,-3.2,10,392.3
2009-05-01,56.24,-3.2,10,  
2009-05-01,56.24,-3.2,10,  
2009-05-05,56.24,-3.2,10,391.65
2009-05-05,56.24,-3.2,10,391.65
2009-05-12,56.24,-3.2,10,393.38
2009-05-12,56.24,-3.2,10,393.38
2009-05-25,56.24,-3.2,10,390.31
2009-05-25,56.24,-3.2,10,390.31
2009-06-05,56.24,-3.2,10,390.39
2009-06-05,56.24,-3.2,10,390.29
2009-06-11,56.24,-3.2,10,390.98
2009-06-11,56.24,-3.2,10,391.13
2009-06-17,56.24,-3.2,10,  
2009-06-17,56.24,-3.2,10,  
2009-06-22,56.24,-3.2,10,385.96
2009-06-22,56.24,-3.2,10,385.99
2009-06-27,56.24,-3.2,10,  
2009-06-27,56.24,-3.2,10,  
2009-07-07,56.24,-3.2,10,386.11
2009-07-07,56.24,-3.2,10,385.97
2009-07-13,56.24,-3.2,10,  
2009-07-13,56.24,-3.2,10,  
2009-07-20,56.24,-3.2,10,381.54
2009-07-20,56.24,-3.2,10,381.45
2009-08-04,56.24,-3.2,10,  
2009-08-04,56.24,-3.2,10,  
2009-08-10,56.24,-3.2,10,380.01
2009-08-10,56.24,-3.2,10,380.03
2009-09-01,56.24,-3.2,10,375.34
2009-09-01,56.24,-3.2,10,375.28
2009-09-08,56.24,-3.2,10,377.59
2009-09-08,56.24,-3.2,10,377.51
2009-09-18,56.24,-3.2,10,380.9
2009-09-18,56.24,-3.2,10,380.91
2009-10-13,56.24,-3.2,10,383.7
2009-10-13,56.24,-3.2,10,383.63
2009-10-19,56.24,-3.2,10,383.51
2009-10-19,56.24,-3.2,10,383.48
2009-11-12,56.24,-3.2,10,390.26
2009-11-12,56.24,-3.2,10,390.26
2009-11-16,56.24,-3.2,10,388.03
2009-11-16,56.24,-3.2,10,387.96
2009-11-23,56.24,-3.2,10,389.03
2009-11-23,56.24,-3.2,10,388.97
2009-12-03,56.24,-3.2,10,388.89
2009-12-03,56.24,-3.2,10,388.99
2009-12-07,56.24,-3.2,10,388.99
2009-12-07,56.24,-3.2,10,389.01
2009-12-29,56.24,-3.2,10,  
2009-12-29,56.24,-3.2,10,  
2010-01-04,56.24,-3.2,10,  
2010-01-04,56.24,-3.2,10,  
2010-01-07,56.24,-3.2,10,390.86
2010-01-07,56.24,-3.2,10,390.8
2010-01-27,56.24,-3.2,10,391.18
2010-01-27,56.24,-3.2,10,391.13
2010-02-01,56.24,-3.2,10,391.86
2010-02-01,56.24,-3.2,10,391.76
2010-02-08,56.24,-3.2,10,  
2010-02-08,56.24,-3.2,10,  
2010-02-15,56.24,-3.2,10,393.38
2010-02-15,56.24,-3.2,10,393.2
2010-02-23,56.24,-3.2,10,  
2010-02-23,56.24,-3.2,10,  
2010-03-02,56.24,-3.2,10,392.74
2010-03-02,56.24,-3.2,10,392.6
2010-03-08,56.24,-3.2,10,  
2010-03-08,56.24,-3.2,10,  
2010-03-18,56.24,-3.2,10,393.17
2010-03-18,56.24,-3.2,10,393.11
2010-03-22,56.24,-3.2,10,394.51
2010-03-22,56.24,-3.2,10,394.4
2010-03-30,56.24,-3.2,10,393.91
2010-03-30,56.24,-3.2,10,393.9
2010-04-06,56.24,-3.2,10,394.56
2010-04-06,56.24,-3.2,10,394.65
2010-04-12,56.24,-3.2,10,  
2010-04-12,56.24,-3.2,10,  
2010-04-19,56.24,-3.2,10,394.56
2010-04-19,56.24,-3.2,10,394.43
2010-04-30,56.24,-3.2,10,393.86
2010-04-30,56.24,-3.2,10,394.05
2010-05-01,56.24,-3.2,10,391.47
2010-05-01,56.24,-3.2,10,391.31
2010-05-14,56.24,-3.2,10,392.36
2010-05-14,56.24,-3.2,10,392.4
2010-05-27,56.24,-3.2,10,392.48
2010-05-27,56.24,-3.2,10,392.48
2010-06-08,56.24,-3.2,10,390.81
2010-06-08,56.24,-3.2,10,390.78
2010-06-14,56.24,-3.2,10,389.34
2010-06-14,56.24,-3.2,10,389.32
2010-06-23,56.24,-3.2,10,387
2010-06-23,56.24,-3.2,10,386.96
2010-06-29,56.24,-3.2,10,388.66
2010-06-29,56.24,-3.2,10,388.58
2010-07-05,56.24,-3.2,10,387.41
2010-07-05,56.24,-3.2,10,387.48
2010-07-15,56.24,-3.2,10,387.85
2010-07-19,56.24,-3.2,10,384.14
2010-07-19,56.24,-3.2,10,384.1
2010-07-26,56.24,-3.2,10,  
2010-07-26,56.24,-3.2,10,  
2010-08-03,56.24,-3.2,10,382.62
2010-08-03,56.24,-3.2,10,382.48
2010-08-09,56.24,-3.2,10,380.48
2010-08-09,56.24,-3.2,10,380.37
2010-08-17,56.24,-3.2,10,380.39
2010-08-17,56.24,-3.2,10,380.32
2010-08-23,56.24,-3.2,10,379.58
2010-08-23,56.24,-3.2,10,379.53
2010-09-01,56.24,-3.2,10,379.16
2010-09-06,56.24,-3.2,10,382.25
2010-09-06,56.24,-3.2,10,382.23
2010-09-13,56.24,-3.2,10,382.32
2010-09-13,56.24,-3.2,10,382.25
2010-10-05,56.24,-3.2,10,386.32
2010-10-05,56.24,-3.2,10,386.11
2010-10-21,56.24,-3.2,10,387.73
2010-10-21,56.24,-3.2,10,387.7
2010-10-26,56.24,-3.2,10,388.03
2010-10-26,56.24,-3.2,10,388
2010-11-01,56.24,-3.2,10,389.05
2010-11-01,56.24,-3.2,10,389.05
2010-11-08,56.24,-3.2,10,391.61
2010-11-08,56.24,-3.2,10,391.59
2010-11-15,56.24,-3.2,10,391.38
2010-11-15,56.24,-3.2,10,391.47
2010-11-29,56.24,-3.2,10,  
2010-11-29,56.24,-3.2,10,  
2010-12-03,56.24,-3.2,10,393.42
2010-12-03,56.24,-3.2,10,393.37
2010-12-06,56.24,-3.2,10,392.41
2010-12-06,56.24,-3.2,10,392.37
2010-12-13,56.24,-3.2,10,  
2010-12-13,56.24,-3.2,10,  
2010-12-28,56.24,-3.2,10,394.24
2010-12-28,56.24,-3.2,10,394.32
2011-01-04,56.24,-3.2,10,393.86
2011-01-04,56.24,-3.2,10,393.87
2011-01-12,56.24,-3.2,10,393.11
2011-01-12,56.24,-3.2,10,393.08
2011-01-17,56.24,-3.2,10,393.98
2011-01-17,56.24,-3.2,10,393.98
2011-01-24,56.24,-3.2,10,394.51
2011-01-24,56.24,-3.2,10,394.47
2011-01-31,56.24,-3.2,10,394.23
2011-01-31,56.24,-3.2,10,394.25
2011-02-07,56.24,-3.2,10,395.65
2011-02-07,56.24,-3.2,10,395.71
2011-02-14,56.24,-3.2,10,395.28
2011-02-14,56.24,-3.2,10,395.5
2011-02-23,56.24,-3.2,10,394.74
2011-02-23,56.24,-3.2,10,394.87
2011-02-28,56.24,-3.2,10,399.17
2011-02-28,56.24,-3.2,10,399.04
2011-03-08,56.24,-3.2,10,396.4
2011-03-08,56.24,-3.2,10,396.39
2011-03-16,56.24,-3.2,10,396.84
2011-03-16,56.24,-3.2,10,396.88
2011-03-18,56.24,-3.2,10,396.43
2011-03-18,56.24,-3.2,10,396.4
2011-03-24,56.24,-3.2,10,  
2011-03-24,56.24,-3.2,10,  
2011-03-30,56.24,-3.2,10,395.93
2011-03-30,56.24,-3.2,10,395.94
2011-04-04,56.24,-3.2,10,396.28
2011-04-04,56.24,-3.2,10,396.2
2011-04-15,56.24,-3.2,10,397.73
2011-04-15,56.24,-3.2,10,397.71
2011-04-18,56.24,-3.2,10,  
2011-04-18,56.24,-3.2,10,  
2011-04-26,56.24,-3.2,10,  
2011-04-26,56.24,-3.2,10,  
2011-05-03,56.24,-3.2,10,393.86
2011-05-03,56.24,-3.2,10,393.92
2011-05-05,56.24,-3.2,10,394.94
2011-05-05,56.24,-3.2,10,394.89
2011-05-11,56.24,-3.2,10,395.29
2011-05-11,56.24,-3.2,10,395.54
2011-05-16,56.24,-3.2,10,396.4
2011-05-16,56.24,-3.2,10,396.3
2011-05-20,56.24,-3.2,10,397.37
2011-05-20,56.24,-3.2,10,397.44
2011-05-27,56.24,-3.2,10,395.63
2011-05-27,56.24,-3.2,10,395.65
2011-05-30,56.24,-3.2,10,395.26
2011-05-30,56.24,-3.2,10,395.28
2011-06-07,56.24,-3.2,10,395.48
2011-06-07,56.24,-3.2,10,395.44
2011-06-15,56.24,-3.2,10,394.36
2011-06-15,56.24,-3.2,10,394.33
2011-06-21,56.24,-3.2,10,393.16
2011-06-21,56.24,-3.2,10,393.17
2011-06-27,56.24,-3.2,10,392.87
2011-06-27,56.24,-3.2,10,392.77
2011-07-05,56.24,-3.2,10,389.14
2011-07-05,56.24,-3.2,10,389.06
2011-07-14,56.24,-3.2,10,386.46
2011-07-14,56.24,-3.2,10,386.39
2011-07-18,56.24,-3.2,10,386.87
2011-07-18,56.24,-3.2,10,386.81
2011-07-27,56.24,-3.2,10,384.62
2011-08-02,56.24,-3.2,10,384.7
2011-08-02,56.24,-3.2,10,384.27
2011-08-05,56.24,-3.2,10,384.24
2011-08-10,56.24,-3.2,10,383.63
2011-08-10,56.24,-3.2,10,383.77
2011-08-16,56.24,-3.2,10,381.64
2011-08-16,56.24,-3.2,10,381.66
2011-08-23,56.24,-3.2,10,381.71
2011-08-23,56.24,-3.2,10,381.67
2011-08-29,56.24,-3.2,10,381.69
2011-08-29,56.24,-3.2,10,381.71
2011-09-01,56.24,-3.2,10,  
2011-09-05,56.24,-3.2,10,381.59
2011-09-05,56.24,-3.2,10,381.66
2011-09-12,56.24,-3.2,10,381.47
2011-09-12,56.24,-3.2,10,381.39
2011-09-16,56.24,-3.2,10,383.47
2011-09-16,56.24,-3.2,10,383.31
2011-10-10,56.24,-3.2,10,387.84
2011-10-10,56.24,-3.2,10,387.97
2011-10-17,56.24,-3.2,10,389.84
2011-10-17,56.24,-3.2,10,389.77
2011-10-26,56.24,-3.2,10,390.52
2011-10-26,56.24,-3.2,10,390.45
2011-11-03,56.24,-3.2,10,391.6
2011-11-03,56.24,-3.2,10,391.61
2011-11-08,56.24,-3.2,10,  
2011-11-08,56.24,-3.2,10,  
2011-11-14,56.24,-3.2,10,  
2011-11-14,56.24,-3.2,10,  
2011-11-16,56.24,-3.2,10,393.73
2011-11-16,56.24,-3.2,10,393.47
2011-11-22,56.24,-3.2,10,396.56
2011-11-22,56.24,-3.2,10,396.47
2011-11-29,56.24,-3.2,10,394.21
2011-11-29,56.24,-3.2,10,394.26
2011-12-05,56.24,-3.2,10,395.5
2011-12-05,56.24,-3.2,10,395.57
2011-12-14,56.24,-3.2,10,395.47
2011-12-14,56.24,-3.2,10,395.36
2011-12-20,56.24,-3.2,10,397.18
2011-12-20,56.24,-3.2,10,397.2
2011-12-28,56.24,-3.2,10,396.22
2011-12-28,56.24,-3.2,10,396.21
2012-01-03,56.24,-3.2,10,395.67
2012-01-03,56.24,-3.2,10,395.65
2012-01-09,56.24,-3.2,10,396.91
2012-01-09,56.24,-3.2,10,396.8
2012-01-19,56.24,-3.2,10,396.53
2012-01-19,56.24,-3.2,10,396.59
2012-01-24,56.24,-3.2,10,394.7
2012-01-24,56.24,-3.2,10,394.67
2012-01-31,56.24,-3.2,10,  
2012-01-31,56.24,-3.2,10,  
2012-02-06,56.24,-3.2,10,395.73
2012-02-06,56.24,-3.2,10,395.78
2012-02-16,56.24,-3.2,10,396.56
2012-02-16,56.24,-3.2,10,396.55
2012-02-21,56.24,-3.2,10,395.03
2012-02-21,56.24,-3.2,10,395.13
2012-02-27,56.24,-3.2,10,396.4
2012-02-27,56.24,-3.2,10,396.43
2012-03-16,56.24,-3.2,10,398.49
2012-03-16,56.24,-3.2,10,398.39
2012-03-20,56.24,-3.2,10,397.93
2012-03-20,56.24,-3.2,10,397.96
2012-03-23,56.24,-3.2,10,399.25
2012-03-23,56.24,-3.2,10,399.29
2012-03-27,56.24,-3.2,10,  
2012-03-27,56.24,-3.2,10,  
2012-04-05,56.24,-3.2,10,398.12
2012-04-05,56.24,-3.2,10,398.11
2012-04-10,56.24,-3.2,10,398.79
2012-04-10,56.24,-3.2,10,398.69
2012-04-14,56.24,-3.2,10,398.15
2012-04-14,56.24,-3.2,10,398.15
2012-04-17,56.24,-3.2,10,399.04
2012-04-23,56.24,-3.2,10,399.11
2012-04-23,56.24,-3.2,10,399.02
2012-04-30,56.24,-3.2,10,399.71
2012-04-30,56.24,-3.2,10,399.72
2012-05-08,56.24,-3.2,10,398.92
2012-05-08,56.24,-3.2,10,399.15
2012-05-21,56.24,-3.2,10,  
2012-05-21,56.24,-3.2,10,  
2012-05-21,56.24,-3.2,10,395.91
2012-05-21,56.24,-3.2,10,395.9
2012-05-31,56.24,-3.2,10,395.43
2012-05-31,56.24,-3.2,10,395.38
2012-06-06,56.24,-3.2,10,396.2
2012-06-06,56.24,-3.2,10,395.95
2012-06-11,56.24,-3.2,10,393.9
2012-06-11,56.24,-3.2,10,393.88
2012-06-18,56.24,-3.2,10,394.87
2012-06-18,56.24,-3.2,10,394.79
2012-06-26,56.24,-3.2,10,392.9
2012-06-26,56.24,-3.2,10,392.89
2012-07-02,56.24,-3.2,10,393.49
2012-07-02,56.24,-3.2,10,393.5
2012-07-09,56.24,-3.2,10,389.7
2012-07-09,56.24,-3.2,10,389.85
2012-07-16,56.24,-3.2,10,386.14
2012-07-27,56.24,-3.2,10,385.89
2012-07-27,56.24,-3.2,10,385.97
2012-08-02,56.24,-3.2,10,385.67
2012-08-02,56.24,-3.2,10,385.67
2012-08-06,56.24,-3.2,10,385.1
2012-08-06,56.24,-3.2,10,385.14
2012-08-16,56.24,-3.2,10,384.67
2012-08-16,56.24,-3.2,10,384.81
2012-08-22,56.24,-3.2,10,384.21
2012-08-22,56.24,-3.2,10,384.09
2012-08-28,56.24,-3.2,10,384.86
2012-09-04,56.24,-3.2,10,384.98
2012-09-04,56.24,-3.2,10,384.92
2012-09-11,56.24,-3.2,10,384.78
2012-09-17,56.24,-3.2,10,386.56
2012-09-17,56.24,-3.2,10,386.66
2012-09-17,56.24,-3.2,10,386.67
2012-10-12,56.24,-3.2,10,390.47
2012-10-12,56.24,-3.2,10,390.42
2012-10-16,56.24,-3.2,10,392.8
2012-10-16,56.24,-3.2,10,392.8
2012-10-26,56.24,-3.2,10,392.96
2012-10-26,56.24,-3.2,10,392.91
2012-10-30,56.24,-3.2,10,393.88
2012-10-30,56.24,-3.2,10,393.86
2012-11-06,56.24,-3.2,10,394.14
2012-11-06,56.24,-3.2,10,394.06
2012-11-12,56.24,-3.2,10,393.4
2012-11-12,56.24,-3.2,10,393.31
2012-11-19,56.24,-3.2,10,396.13
2012-11-19,56.24,-3.2,10,396.03
2012-12-04,56.24,-3.2,10,396.98
2012-12-04,56.24,-3.2,10,396.94
2012-12-12,56.24,-3.2,10,  
2012-12-12,56.24,-3.2,10,  
2012-12-14,56.24,-3.2,10,398.64
2012-12-14,56.24,-3.2,10,398.48
